scene,mode,n,rms_error_m,max_error_m,outside300_fraction,max_reference_error_m
stationary-5000,0,5000,194.48965089073045,357.76080393529054,0.0488,0.0
stationary-5000,1,5000,210.96599164073572,299.99674102447415,0.0,4.282146303886921E-9
stationary-5000,2,5000,299.82579796381594,588.1587190714874,0.4152,4.127134807610541E-9
hotspots-4500,0,4500,169.48254137222665,392.658849925209,0.02,0.0
hotspots-4500,1,4500,211.48697330408385,299.9590053987243,0.0,3.9766606563045845E-9
hotspots-4500,2,4500,300.35022599137403,584.3632238317383,0.4126666666666667,3.612282277162209E-9
uniform-45000,0,4500,172.83165385340092,380.8147847874507,0.024888888888888887,0.0
uniform-45000,1,4500,211.97185273501663,299.9895578240669,0.0,3.4321674088638612E-9
uniform-45000,2,4500,297.55332941141324,592.6047538961992,0.4051111111111111,4.4361090996789696E-9
