scenario,model,seed,count,p50_m,p95_m,p99_m,max_m,outside300_fraction,period300_amplitude,a4_raw,mean_proposals
single-500,D,2026090701,100,100.75481421338604,178.02245892428806,200.27020018405483,229.6675687706048,0.0,0.2727958044877261,0.05999274979101363,1.0
single-500,D,2026090702,100,102.60363871392767,183.85713548795044,216.82522284831492,242.05163501323983,0.0,0.18145614008895933,0.0654630327611384,1.0
single-500,D,2026090703,100,90.48033736947934,176.8377097487237,194.9928069720373,196.17423897469087,0.0,0.22431240744956982,0.028792430423523988,1.0
single-500,D,2026090704,100,112.02983389841938,194.8220111530445,229.16483617635026,230.7923424626585,0.0,0.13189134863617816,0.11779708473833204,1.0
single-500,D,2026090705,100,90.42586432653447,168.29830578047986,189.22521504126988,214.40726050844037,0.0,0.27809678787138986,0.19857819333055837,1.0
single-500,D,pooled,500,99.72105209231336,183.85713548795044,216.82522284831492,242.05163501323983,0.0,0.2047020437517038,0.052430903537214336,1.0
single-500,V,2026090701,100,139.95478244124308,285.90381221557334,337.76829417370953,343.28271351183884,0.04,0.11875161084788152,0.11613572433470142,1.0
single-500,V,2026090702,100,155.27089670533977,271.2091815127452,310.0717093011747,316.4310890871876,0.02,0.08829230957030909,0.11632562311934645,1.0
single-500,V,2026090703,100,142.7934163971249,270.05097962329245,322.9825688257469,326.55656007564863,0.03,0.11069316294985879,0.13490909173556698,1.0
single-500,V,2026090704,100,166.39481653783082,299.4321354233809,333.9907055610517,340.0926861296934,0.05,0.09505940064926016,0.10443918313890527,1.0
single-500,V,2026090705,100,133.5692970847521,258.5865305262632,348.63138255615394,354.92172323399205,0.03,0.11838825825177385,0.10507049012993011,1.0
single-500,V,pooled,500,145.88857094402567,282.21088152741606,333.9907055610517,354.92172323399205,0.034,0.022738850501448703,0.10554980551663586,1.0
single-500,V300,2026090701,100,106.65330087310349,192.9287146833006,231.79276812873414,236.37762956217864,0.0,0.2005782182881671,0.09240287452123379,1.94
single-500,V300,2026090702,100,103.64989240532967,192.08079145773905,227.96721864166187,240.0983703221717,0.0,0.10772674773701973,0.20602187166922903,1.78
single-500,V300,2026090703,100,116.9604777349591,206.9484289393559,229.46701642775398,249.31266274359294,0.0,0.09320488978396917,0.0355914778795846,2.0
single-500,V300,2026090704,100,88.82523673005086,187.7284556568606,214.25290276070865,220.76469032105047,0.0,0.2426356556586962,0.0014100417304420158,2.08
single-500,V300,2026090705,100,98.11404619948716,177.01915458511183,186.81538915036637,246.76096447282708,0.0,0.22292539624128524,0.043835817293735965,1.8
single-500,V300,pooled,500,103.64989240532967,192.9287146833006,229.46701642775398,249.31266274359294,0.0,0.15982753255858165,0.044531687013770284,1.92
single-5000,D,2026090701,1000,97.22632410958545,186.6654923120064,219.08245227291266,257.0602976082714,0.0,0.2124217857135365,0.025897807503758617,1.0
single-5000,D,2026090702,1000,96.48778377764614,185.36509760356716,223.923124978347,258.1869837977033,0.0,0.22960952666042886,0.04010386124253844,1.0
single-5000,D,2026090703,1000,95.11591669943323,186.4230850123951,212.86247034244494,253.94817731454089,0.0,0.25027856213699645,0.03516988915946692,1.0
single-5000,D,2026090704,1000,95.8701738922184,186.52118070403012,228.1194461229871,268.8796674878321,0.0,0.22217228493182092,0.014422943605297969,1.0
single-5000,D,2026090705,1000,95.08683582126079,190.69735340735457,220.02504018735306,267.98763329536735,0.0,0.2288380837148777,0.03923748535594659,1.0
single-5000,D,pooled,5000,96.26828913873983,187.1925388727575,221.38170667565683,268.8796674878321,0.0,0.22788686513709352,0.00487768286606202,1.0
single-5000,V,2026090701,1000,141.2667489794375,276.2624416199096,337.6237041193519,382.5815055672453,0.028,0.042115805461639635,0.06214631558360126,1.0
single-5000,V,2026090702,1000,141.99849326485986,275.0945808612507,332.073339700235,391.0077490369181,0.021,0.01877171614351721,0.06890376650026628,1.0
single-5000,V,2026090703,1000,144.34114816129764,274.8589772425246,330.46273811145403,402.948473682674,0.026,0.01783279403824301,0.030944664468130233,1.0
single-5000,V,2026090704,1000,144.89199601888663,269.64561352623736,320.4040172036296,372.96408737944944,0.021,0.02475128889749136,0.029494234283216562,1.0
single-5000,V,2026090705,1000,148.46622845764773,266.9414805771604,314.5712666233686,378.48438328106846,0.018,0.030077915203463843,0.04928456203247846,1.0
single-5000,V,pooled,5000,144.09668248132738,272.47595563124094,328.6055117380837,402.948473682674,0.0228,0.01194265779042308,0.021876236693496254,1.0
single-5000,V300,2026090701,1000,102.55271034651834,191.49352843278655,226.08247508327193,278.31665430768305,0.0,0.1890254357753447,0.022470618481611207,1.918
single-5000,V300,2026090702,1000,103.04345687564161,189.86738888637421,222.02793368976648,251.63011240810343,0.0,0.17600814749601,0.0476149100074277,1.946
single-5000,V300,2026090703,1000,102.52118994478116,187.16179086221752,221.3573165614481,247.79227440130495,0.0,0.19039746935670024,0.055594203013938415,1.927
single-5000,V300,2026090704,1000,101.9457639858781,194.22506761964638,224.15211848245582,250.32871764081276,0.0,0.18642735241127986,0.03870230532392263,1.872
single-5000,V300,2026090705,1000,100.67992455520671,195.42049220181002,231.86211202407608,251.15690874201323,0.0,0.18812674847973632,0.027530323744041352,1.931
single-5000,V300,pooled,5000,102.1206001934575,191.57330527616773,226.27572994045747,278.31665430768305,0.0,0.1846884163794654,0.009870164645025548,1.9188
grid-equal-500,D,2026090701,900,98.73396553668829,187.20282508934534,221.05243893363294,266.20853090313244,0.0,0.2184733805227524,0.030805543385625897,1.0
grid-equal-500,D,2026090702,900,99.79733731273213,184.48547919359393,219.7031875615228,265.61699244444577,0.0,0.20962255444580466,0.03780612424129598,1.0
grid-equal-500,D,2026090703,900,93.49442637015554,190.72391626599375,222.53329419445384,269.9277011701667,0.0,0.24478057587418345,0.04317431972984774,1.0
grid-equal-500,D,2026090704,900,98.4584236633959,186.2764497449952,232.26343386171726,270.09067758761637,0.0,0.21183867823270305,0.006876437950321586,1.0
grid-equal-500,D,2026090705,900,100.01679314134363,186.65425494765424,216.46266074231144,230.8478604586392,0.0,0.2318703346348407,0.037552433798415934,1.0
grid-equal-500,D,pooled,4500,97.82803616198008,186.76485364815275,220.65707821082285,270.09067758761637,0.0,0.22204670741132174,0.004663101077093389,1.0
grid-equal-500,V,2026090701,900,143.48680071311384,273.9233623475427,319.68158625635147,405.3613761237554,0.024444444444444446,0.03589426295013982,0.012751429005148892,1.0
grid-equal-500,V,2026090702,900,141.34598056729575,271.27893909611214,317.58641617779307,368.73659514292007,0.023333333333333334,0.03627276650736444,0.02193923325921801,1.0
grid-equal-500,V,2026090703,900,147.60738785351523,273.6542984884122,326.6872426861576,371.72760605251636,0.025555555555555557,0.03194864162287307,0.03898981633824289,1.0
grid-equal-500,V,2026090704,900,143.07916265668268,274.8373263996777,324.02860754815833,406.8196781962072,0.022222222222222223,0.034887483788421284,0.030858305862130873,1.0
grid-equal-500,V,2026090705,900,141.9934109438138,272.76065861562137,316.9997363853846,363.52517203608545,0.017777777777777778,0.028208777941790157,0.0381383092332249,1.0
grid-equal-500,V,pooled,4500,143.14905518229773,273.6542984884122,322.5165565433958,406.8196781962072,0.02266666666666667,0.009112330115168753,0.02524154223057029,1.0
grid-equal-500,V300,2026090701,900,101.579049829951,190.56929394063118,223.6636794245863,261.3452706594085,0.0,0.18698225769169738,0.024831491281593652,1.9266666666666667
grid-equal-500,V300,2026090702,900,100.30275845511169,195.75880489656365,224.54317241910317,261.0421061761646,0.0,0.19095767093434246,0.01488506729978497,1.9777777777777779
grid-equal-500,V300,2026090703,900,105.4869129397529,196.84578652549519,230.54823096093796,266.6358386101704,0.0,0.15631062735155157,0.022468337675546672,1.9633333333333334
grid-equal-500,V300,2026090704,900,104.37434487514334,193.7029721633892,221.0274468778734,242.78308507892362,0.0,0.1662120142547246,0.03295621998967609,1.9855555555555555
grid-equal-500,V300,2026090705,900,102.81995986165963,192.4733173807712,223.56744342113487,256.2244925607169,0.0,0.1786969874052569,0.05100373219475425,1.9677777777777778
grid-equal-500,V300,pooled,4500,102.7695596689238,194.03808271396952,224.04144061736605,266.6358386101704,0.0,0.17427070164777828,0.009765119578758674,1.9642222222222223
grid-equal-5000,D,2026090701,9000,98.49939331879547,187.277846635341,224.1012771800148,280.57275434879807,0.0,0.2173646386085206,0.012495318302149101,1.0
grid-equal-5000,D,2026090702,9000,99.28031404231726,191.76742569120682,225.5566158861938,271.14107909353527,0.0,0.20937025593892222,0.005851616536169798,1.0
grid-equal-5000,D,2026090703,9000,98.5285225571775,189.04016249956953,223.05278194525843,279.5655704148596,0.0,0.2125883619132175,0.006241512887124535,1.0
grid-equal-5000,D,2026090704,9000,99.61658263622232,189.63548997752335,225.5991825251258,273.598482920862,0.0,0.20269051228690502,0.00873987348849927,1.0
grid-equal-5000,D,2026090705,9000,97.87033687731973,188.91925871755927,224.86896976271237,274.053126610298,0.0,0.21490693383431247,0.007829330110224056,1.0
grid-equal-5000,D,pooled,45000,98.75310284281477,189.37072806143496,224.42456119696038,280.57275434879807,0.0,0.2112676277754365,0.004087517154221818,1.0
grid-equal-5000,V,2026090701,9000,143.9632464985816,277.77150308239993,331.1857065288442,418.8190603593902,0.027666666666666666,0.0021365668833886143,0.020852558934948178,1.0
grid-equal-5000,V,2026090702,9000,146.15762593021938,278.27890345118595,326.97460217914204,411.97503998998627,0.026222222222222223,0.008861483335961115,0.015281927940808947,1.0
grid-equal-5000,V,2026090703,9000,144.34282058976933,277.0447390074345,326.73953017915323,413.1012251630883,0.026444444444444444,0.011294505959002192,0.030105694737224825,1.0
grid-equal-5000,V,2026090704,9000,146.8819913757698,279.19157217539544,327.7939759318268,426.3984492194718,0.02811111111111111,0.01171906863352733,0.027547612046371767,1.0
grid-equal-5000,V,2026090705,9000,143.59150840751357,276.7783748360894,327.9001372626621,419.26023413249203,0.026222222222222223,0.012731134568854224,0.02085796461329006,1.0
grid-equal-5000,V,pooled,45000,145.08953953085964,277.9584836072083,328.0512001980855,426.3984492194718,0.026933333333333333,0.0033052649663825903,0.022394023756990834,1.0
grid-equal-5000,V300,2026090701,9000,102.07405085092059,193.01301624617426,225.57735678057944,274.65225401859334,0.0,0.18258965128961452,0.008525116548934342,1.9412222222222222
grid-equal-5000,V300,2026090702,9000,101.39946059080845,191.83326671825435,224.56963986407231,275.79156041775104,0.0,0.18925672276865524,0.006405116155212006,1.9724444444444444
grid-equal-5000,V300,2026090703,9000,100.47731687861523,191.42180292294293,225.4720195569943,282.8646353677898,0.0,0.19477673399663994,0.019029321889694133,1.9538888888888888
grid-equal-5000,V300,2026090704,9000,100.36676264288637,190.8232566605819,226.30056030120605,272.630991705772,0.0,0.19347464035215495,0.01311440752994105,1.980888888888889
grid-equal-5000,V300,2026090705,9000,101.45083694958745,192.6207260103244,225.3110280407798,283.63138885501485,0.0,0.18926117024160657,0.005310755591470335,1.9211111111111112
grid-equal-5000,V300,pooled,45000,101.1777013784599,192.1436532014147,225.50544500129624,283.63138885501485,0.0,0.18979312421617214,0.004710607344811308,1.9539111111111112
grid-imbalanced-500,D,2026090701,900,99.93706523053574,187.9898222165901,230.42867427763935,262.7891238147811,0.0,0.20572652309494047,0.04703975968137105,1.0
grid-imbalanced-500,D,2026090702,900,99.13819446826123,187.54117519562678,221.31469699272262,276.70679115478123,0.0,0.20755153655456873,0.02096460320380543,1.0
grid-imbalanced-500,D,2026090703,900,99.61542051166745,192.71967194598585,222.25695155848237,257.5049502867112,0.0,0.20608254960525105,0.024586743581939973,1.0
grid-imbalanced-500,D,2026090704,900,97.25946991502398,195.72691619227965,229.69833133746084,253.5894744235707,0.0,0.20589549769514906,0.007957052155312224,1.0
grid-imbalanced-500,D,2026090705,900,103.15397907737817,191.32661332368454,230.07929947366827,267.1411444458283,0.0,0.19275485565291373,0.027400399737048484,1.0
grid-imbalanced-500,D,pooled,4500,99.9727390208567,190.66659672014956,227.71678254070315,276.70679115478123,0.0,0.2029910429437401,0.008851589846816147,1.0
grid-imbalanced-500,V,2026090701,900,151.00330365515254,275.2049243436743,315.93513454332805,385.30976693485326,0.021111111111111112,0.009262260921577054,0.022216739631241118,1.0
grid-imbalanced-500,V,2026090702,900,141.23872274681867,274.54610087038486,332.1906781630829,401.46068868675616,0.025555555555555557,0.029293031102723303,0.026734371010155824,1.0
grid-imbalanced-500,V,2026090703,900,140.96893325855328,273.2058652947448,325.96355781202016,383.60907907279557,0.022222222222222223,0.04666196941292815,0.019963518109490257,1.0
grid-imbalanced-500,V,2026090704,900,143.67149769823413,282.17861880459805,334.76321635756045,411.1478490086073,0.03222222222222222,0.01638842347482918,0.03053191543996362,1.0
grid-imbalanced-500,V,2026090705,900,144.06980953133026,276.56125407598114,322.977869244869,425.7730470777452,0.03,0.03952681684944584,0.041088408332790136,1.0
grid-imbalanced-500,V,pooled,4500,144.7251793171434,276.5483820526395,327.9509280610882,425.7730470777452,0.026222222222222223,0.006014844241473116,0.02776829620119389,1.0
grid-imbalanced-500,V300,2026090701,900,102.9138060037278,192.07847741922117,221.46221758387372,254.96619458943118,0.0,0.18505065320071773,0.02878242865004691,1.93
grid-imbalanced-500,V300,2026090702,900,100.02205282624307,193.74875128601747,225.91293917076024,245.7626210931702,0.0,0.18261506810191286,0.022347657442765703,1.9222222222222223
grid-imbalanced-500,V300,2026090703,900,103.1974067914618,192.1416433067439,225.99192564757743,258.9228706215714,0.0,0.17527051400533605,0.0037143426710092796,1.948888888888889
grid-imbalanced-500,V300,2026090704,900,101.05736588031489,187.51405458754277,228.82391840077435,263.1286230730885,0.0,0.19994575373716372,0.023591836364663478,1.951111111111111
grid-imbalanced-500,V300,2026090705,900,103.20326697499209,190.4605199942249,223.1636304057538,245.94999335799906,0.0,0.18331287394579457,0.04121650395544626,2.022222222222222
grid-imbalanced-500,V300,pooled,4500,102.1845735627009,191.8448389733949,225.13636177322908,263.1286230730885,0.0,0.18429195292031025,0.017623453866613802,1.954888888888889
grid-imbalanced-5000,D,2026090701,9000,97.87477865711574,188.24175186405927,221.84357616159141,272.9459790962821,0.0,0.21427581752535824,0.008798153289745236,1.0
grid-imbalanced-5000,D,2026090702,9000,97.65172872791368,189.80418168171767,225.3098332612481,267.3214886248905,0.0,0.21836303433044624,0.005113525303624089,1.0
grid-imbalanced-5000,D,2026090703,9000,98.85066248174849,188.47627146677226,223.26008586953887,280.6414112470073,0.0,0.21572164315633036,0.0028572199566957576,1.0
grid-imbalanced-5000,D,2026090704,9000,97.39644639736133,188.68457333988243,223.0674314331558,277.8130158433099,0.0,0.21694483829466854,0.0028568017759996317,1.0
grid-imbalanced-5000,D,2026090705,9000,98.0249445213247,190.53010033651503,224.88770020773825,287.11170479469905,0.0,0.21933577191053025,0.005509840301811481,1.0
grid-imbalanced-5000,D,pooled,45000,97.98530367697275,189.23591597155487,223.94144900453222,287.11170479469905,0.0,0.2168806022464372,0.003567338120276672,1.0
grid-imbalanced-5000,V,2026090701,9000,145.33010634555592,276.71730533960607,326.6423933557625,390.49059244819756,0.026222222222222223,0.01408696686688081,0.013749421355926291,1.0
grid-imbalanced-5000,V,2026090702,9000,145.39258665819656,279.9112682679192,329.295602747261,426.52263228451676,0.028,0.005095601293727756,0.024943376348003986,1.0
grid-imbalanced-5000,V,2026090703,9000,146.45898947124385,276.1368621065598,330.1497939389771,442.0581371214429,0.026333333333333334,0.010483385693084749,0.03544642993492856,1.0
grid-imbalanced-5000,V,2026090704,9000,145.61941433268498,276.42862210734967,328.20392245050505,399.98870621467586,0.025222222222222222,0.007009718909221192,0.030270603725053757,1.0
grid-imbalanced-5000,V,2026090705,9000,146.30057745605126,276.63293176455886,331.5287935845606,419.2228418886246,0.02677777777777778,0.008023337783274886,0.012889340304732676,1.0
grid-imbalanced-5000,V,pooled,45000,145.9069866655858,277.0068193496807,329.1797633081888,442.0581371214429,0.02651111111111111,0.00474060456728665,0.022476496345758153,1.0
grid-imbalanced-5000,V300,2026090701,9000,102.3460111036431,194.5983358379572,227.68166474330877,277.83963352253386,0.0,0.18020048745485417,0.008916022618192892,1.962
grid-imbalanced-5000,V300,2026090702,9000,102.20909196117906,193.43830430972577,223.09957954098365,276.57904974145697,0.0,0.17672836622967247,0.013507638941948917,1.948
grid-imbalanced-5000,V300,2026090703,9000,102.10658992085955,193.70185608380353,227.26054529158807,283.2484835782907,0.0,0.17995104529232656,0.015313448458207278,1.9594444444444445
grid-imbalanced-5000,V300,2026090704,9000,101.68288858568305,192.4798315841255,226.8321150588091,277.48763119581355,0.0,0.1897994548243156,0.00945921199148787,1.9824444444444445
grid-imbalanced-5000,V300,2026090705,9000,102.78358323117895,192.86852812839282,225.46372316858705,284.32953996125184,0.0,0.18359196395289984,0.00228841243527761,1.9918888888888888
grid-imbalanced-5000,V300,pooled,45000,102.2441464812714,193.42365269652578,226.42407165370005,284.32953996125184,0.0,0.18189533205864614,0.005712198604239882,1.9687555555555556
