protocol_version,phase,model_id,parameter_set_id,scenario_id,sample_seed,metric_id,statistic,value,unit,status
E001-v1,tuning,A,a-square-300,tuning-grid-imbalanced-n4500,,a4,max,0.15618180960502304,ratio,valid
E001-v1,tuning,A,a-square-300,tuning-grid-imbalanced-n4500,,a4,median,0.12247419121435522,ratio,valid
E001-v1,tuning,A,a-square-300,tuning-grid-imbalanced-n4500,,a4,min,0.11583781183753011,ratio,valid
E001-v1,tuning,A,a-square-300,tuning-grid-imbalanced-n4500,,edgeRatio30,max,1.106280193236715,ratio,valid
E001-v1,tuning,A,a-square-300,tuning-grid-imbalanced-n4500,,edgeRatio30,median,1.0908455625436757,ratio,valid
E001-v1,tuning,A,a-square-300,tuning-grid-imbalanced-n4500,,edgeRatio30,min,0.9293913796837774,ratio,valid
E001-v1,tuning,A,a-square-300,tuning-grid-imbalanced-n4500,,hotspot50,cv,1.2640534447210336,ratio,valid
E001-v1,tuning,A,a-square-300,tuning-grid-imbalanced-n4500,,hotspot50,max,46.0,count,valid
E001-v1,tuning,A,a-square-300,tuning-grid-imbalanced-n4500,,hotspot50,p99,39.0,count,valid
E001-v1,tuning,A,a-square-300,tuning-grid-imbalanced-n4500,,neighbors10,value,2.3955555555555557,count,valid
E001-v1,tuning,A,a-square-300,tuning-grid-imbalanced-n4500,,proximity16,value,0.9708888888888889,ratio,valid
E001-v1,tuning,A,a-square-300,tuning-grid-imbalanced-n4500,,proximity24,value,0.9966666666666667,ratio,valid
E001-v1,tuning,A,a-square-300,tuning-grid-imbalanced-n4500,,proximity8,value,0.7177777777777777,ratio,valid
E001-v1,tuning,A,a-square-300,tuning-grid-imbalanced-n4500,,radius,max.max,208.51778385695874,m,valid
E001-v1,tuning,A,a-square-300,tuning-grid-imbalanced-n4500,,radius,max.median,205.45111724607034,m,valid
E001-v1,tuning,A,a-square-300,tuning-grid-imbalanced-n4500,,radius,max.min,205.14957497792403,m,valid
E001-v1,tuning,A,a-square-300,tuning-grid-imbalanced-n4500,,radius,p50.max,123.22271391722018,m,valid
E001-v1,tuning,A,a-square-300,tuning-grid-imbalanced-n4500,,radius,p50.median,119.94440089761572,m,valid
E001-v1,tuning,A,a-square-300,tuning-grid-imbalanced-n4500,,radius,p50.min,116.60080549687086,m,valid
E001-v1,tuning,A,a-square-300,tuning-grid-imbalanced-n4500,,radius,p95.max,182.0953612584733,m,valid
E001-v1,tuning,A,a-square-300,tuning-grid-imbalanced-n4500,,radius,p95.median,179.3770088250291,m,valid
E001-v1,tuning,A,a-square-300,tuning-grid-imbalanced-n4500,,radius,p95.min,176.15562711675466,m,valid
E001-v1,tuning,A,a-square-300,tuning-grid-imbalanced-n4500,,radius,p99.max,196.41065840562115,m,valid
E001-v1,tuning,A,a-square-300,tuning-grid-imbalanced-n4500,,radius,p99.median,193.80050385955116,m,valid
E001-v1,tuning,A,a-square-300,tuning-grid-imbalanced-n4500,,radius,p99.min,188.8457164718218,m,valid
E001-v1,tuning,A,a-square-300,tuning-grid-imbalanced-n4500,,radius,violations.max,0.0,count,valid
E001-v1,tuning,A,a-square-300,tuning-grid-imbalanced-n4500,,radius,violations.median,0.0,count,valid
E001-v1,tuning,A,a-square-300,tuning-grid-imbalanced-n4500,,radius,violations.min,0.0,count,valid
E001-v1,tuning,A,a-square-300,tuning-grid-imbalanced-n4500,,samplerFailureCount,value,0.0,count,valid
E001-v1,tuning,A,a-square-300,tuning-grid-imbalanced-n4500,,seam300,max,0.7715097402597402,ratio,valid
E001-v1,tuning,A,a-square-300,tuning-grid-imbalanced-n4500,,seam300,median,0.7440468028703323,ratio,valid
E001-v1,tuning,A,a-square-300,tuning-grid-imbalanced-n4500,,seam300,min,0.5059995644599303,ratio,valid
E001-v1,tuning,A,a-square-300,tuning-grid-imbalanced-n4500,2026090301,a4,value,0.15618180960502304,ratio,valid
E001-v1,tuning,A,a-square-300,tuning-grid-imbalanced-n4500,2026090301,edgeRatio30,value,1.1050855627862137,ratio,valid
E001-v1,tuning,A,a-square-300,tuning-grid-imbalanced-n4500,2026090301,radius,max,205.15108806035377,m,valid
E001-v1,tuning,A,a-square-300,tuning-grid-imbalanced-n4500,2026090301,radius,p50,116.60080549687086,m,valid
E001-v1,tuning,A,a-square-300,tuning-grid-imbalanced-n4500,2026090301,radius,p95,182.0953612584733,m,valid
E001-v1,tuning,A,a-square-300,tuning-grid-imbalanced-n4500,2026090301,radius,p99,196.41065840562115,m,valid
E001-v1,tuning,A,a-square-300,tuning-grid-imbalanced-n4500,2026090301,radius,violations,0.0,count,valid
E001-v1,tuning,A,a-square-300,tuning-grid-imbalanced-n4500,2026090301,seam300,value,0.7715097402597402,ratio,valid
E001-v1,tuning,A,a-square-300,tuning-grid-imbalanced-n4500,2026090302,a4,value,0.11835272739034637,ratio,valid
E001-v1,tuning,A,a-square-300,tuning-grid-imbalanced-n4500,2026090302,edgeRatio30,value,1.0908455625436757,ratio,valid
E001-v1,tuning,A,a-square-300,tuning-grid-imbalanced-n4500,2026090302,radius,max,205.45111724607034,m,valid
E001-v1,tuning,A,a-square-300,tuning-grid-imbalanced-n4500,2026090302,radius,p50,121.41300848487676,m,valid
E001-v1,tuning,A,a-square-300,tuning-grid-imbalanced-n4500,2026090302,radius,p95,176.15562711675466,m,valid
E001-v1,tuning,A,a-square-300,tuning-grid-imbalanced-n4500,2026090302,radius,p99,188.8457164718218,m,valid
E001-v1,tuning,A,a-square-300,tuning-grid-imbalanced-n4500,2026090302,radius,violations,0.0,count,valid
E001-v1,tuning,A,a-square-300,tuning-grid-imbalanced-n4500,2026090302,seam300,value,0.7214633760202646,ratio,valid
E001-v1,tuning,A,a-square-300,tuning-grid-imbalanced-n4500,2026090303,a4,value,0.11583781183753011,ratio,valid
E001-v1,tuning,A,a-square-300,tuning-grid-imbalanced-n4500,2026090303,edgeRatio30,value,1.106280193236715,ratio,valid
E001-v1,tuning,A,a-square-300,tuning-grid-imbalanced-n4500,2026090303,radius,max,206.85892031610385,m,valid
E001-v1,tuning,A,a-square-300,tuning-grid-imbalanced-n4500,2026090303,radius,p50,123.22271391722018,m,valid
E001-v1,tuning,A,a-square-300,tuning-grid-imbalanced-n4500,2026090303,radius,p95,178.07143528296413,m,valid
E001-v1,tuning,A,a-square-300,tuning-grid-imbalanced-n4500,2026090303,radius,p99,193.80050385955116,m,valid
E001-v1,tuning,A,a-square-300,tuning-grid-imbalanced-n4500,2026090303,radius,violations,0.0,count,valid
E001-v1,tuning,A,a-square-300,tuning-grid-imbalanced-n4500,2026090303,seam300,value,0.7440468028703323,ratio,valid
E001-v1,tuning,A,a-square-300,tuning-grid-imbalanced-n4500,2026090304,a4,value,0.12247419121435522,ratio,valid
E001-v1,tuning,A,a-square-300,tuning-grid-imbalanced-n4500,2026090304,edgeRatio30,value,1.0396988364134154,ratio,valid
E001-v1,tuning,A,a-square-300,tuning-grid-imbalanced-n4500,2026090304,radius,max,208.51778385695874,m,valid
E001-v1,tuning,A,a-square-300,tuning-grid-imbalanced-n4500,2026090304,radius,p50,119.94440089761572,m,valid
E001-v1,tuning,A,a-square-300,tuning-grid-imbalanced-n4500,2026090304,radius,p95,179.3770088250291,m,valid
E001-v1,tuning,A,a-square-300,tuning-grid-imbalanced-n4500,2026090304,radius,p99,193.60544388624598,m,valid
E001-v1,tuning,A,a-square-300,tuning-grid-imbalanced-n4500,2026090304,radius,violations,0.0,count,valid
E001-v1,tuning,A,a-square-300,tuning-grid-imbalanced-n4500,2026090304,seam300,value,0.5059995644599303,ratio,valid
E001-v1,tuning,A,a-square-300,tuning-grid-imbalanced-n4500,2026090305,a4,value,0.14629971388598784,ratio,valid
E001-v1,tuning,A,a-square-300,tuning-grid-imbalanced-n4500,2026090305,edgeRatio30,value,0.9293913796837774,ratio,valid
E001-v1,tuning,A,a-square-300,tuning-grid-imbalanced-n4500,2026090305,radius,max,205.14957497792403,m,valid
E001-v1,tuning,A,a-square-300,tuning-grid-imbalanced-n4500,2026090305,radius,p50,117.05382730641242,m,valid
E001-v1,tuning,A,a-square-300,tuning-grid-imbalanced-n4500,2026090305,radius,p95,181.0378034547203,m,valid
E001-v1,tuning,A,a-square-300,tuning-grid-imbalanced-n4500,2026090305,radius,p99,195.6174802980131,m,valid
E001-v1,tuning,A,a-square-300,tuning-grid-imbalanced-n4500,2026090305,radius,violations,0.0,count,valid
E001-v1,tuning,A,a-square-300,tuning-grid-imbalanced-n4500,2026090305,seam300,value,0.7460289166171519,ratio,valid
E001-v1,tuning,A,a-square-300,tuning-single-n500,,a4,max,0.23675654693111392,ratio,valid
E001-v1,tuning,A,a-square-300,tuning-single-n500,,a4,median,0.15991714292637133,ratio,valid
E001-v1,tuning,A,a-square-300,tuning-single-n500,,a4,min,0.05053573559532011,ratio,valid
E001-v1,tuning,A,a-square-300,tuning-single-n500,,edgeRatio30,max,1.2962962962962963,ratio,valid
E001-v1,tuning,A,a-square-300,tuning-single-n500,,edgeRatio30,median,1.0634920634920635,ratio,valid
E001-v1,tuning,A,a-square-300,tuning-single-n500,,edgeRatio30,min,0.7101449275362318,ratio,valid
E001-v1,tuning,A,a-square-300,tuning-single-n500,,hotspot50,cv,1.8756716130495785,ratio,valid
E001-v1,tuning,A,a-square-300,tuning-single-n500,,hotspot50,max,30.0,count,valid
E001-v1,tuning,A,a-square-300,tuning-single-n500,,hotspot50,p99,25.0,count,valid
E001-v1,tuning,A,a-square-300,tuning-single-n500,,neighbors10,value,1.692,count,valid
E001-v1,tuning,A,a-square-300,tuning-single-n500,,proximity16,value,0.982,ratio,valid
E001-v1,tuning,A,a-square-300,tuning-single-n500,,proximity24,value,0.996,ratio,valid
E001-v1,tuning,A,a-square-300,tuning-single-n500,,proximity8,value,0.66,ratio,valid
E001-v1,tuning,A,a-square-300,tuning-single-n500,,radius,max.max,206.32238913440983,m,valid
E001-v1,tuning,A,a-square-300,tuning-single-n500,,radius,max.median,202.9105473291926,m,valid
E001-v1,tuning,A,a-square-300,tuning-single-n500,,radius,max.min,186.20996770747496,m,valid
E001-v1,tuning,A,a-square-300,tuning-single-n500,,radius,p50.max,123.48198026842498,m,valid
E001-v1,tuning,A,a-square-300,tuning-single-n500,,radius,p50.median,115.22137679005537,m,valid
E001-v1,tuning,A,a-square-300,tuning-single-n500,,radius,p50.min,109.86332769272876,m,valid
E001-v1,tuning,A,a-square-300,tuning-single-n500,,radius,p95.max,184.59818059237278,m,valid
E001-v1,tuning,A,a-square-300,tuning-single-n500,,radius,p95.median,178.2775623549276,m,valid
E001-v1,tuning,A,a-square-300,tuning-single-n500,,radius,p95.min,168.7049186261389,m,valid
E001-v1,tuning,A,a-square-300,tuning-single-n500,,radius,p99.max,200.9986664405978,m,valid
E001-v1,tuning,A,a-square-300,tuning-single-n500,,radius,p99.median,197.66134339490443,m,valid
E001-v1,tuning,A,a-square-300,tuning-single-n500,,radius,p99.min,175.61270147549598,m,valid
E001-v1,tuning,A,a-square-300,tuning-single-n500,,radius,violations.max,0.0,count,valid
E001-v1,tuning,A,a-square-300,tuning-single-n500,,radius,violations.median,0.0,count,valid
E001-v1,tuning,A,a-square-300,tuning-single-n500,,radius,violations.min,0.0,count,valid
E001-v1,tuning,A,a-square-300,tuning-single-n500,,samplerFailureCount,value,0.0,count,valid
E001-v1,tuning,A,a-square-300,tuning-single-n500,,seam300,max,1.6628787878787878,ratio,valid
E001-v1,tuning,A,a-square-300,tuning-single-n500,,seam300,median,1.6166666666666667,ratio,valid
E001-v1,tuning,A,a-square-300,tuning-single-n500,,seam300,min,1.4916666666666665,ratio,valid
E001-v1,tuning,A,a-square-300,tuning-single-n500,2026090301,a4,value,0.23675654693111392,ratio,valid
E001-v1,tuning,A,a-square-300,tuning-single-n500,2026090301,edgeRatio30,value,1.2962962962962963,ratio,valid
E001-v1,tuning,A,a-square-300,tuning-single-n500,2026090301,radius,max,206.32238913440983,m,valid
E001-v1,tuning,A,a-square-300,tuning-single-n500,2026090301,radius,p50,115.06810985981447,m,valid
E001-v1,tuning,A,a-square-300,tuning-single-n500,2026090301,radius,p95,183.0466294414464,m,valid
E001-v1,tuning,A,a-square-300,tuning-single-n500,2026090301,radius,p99,200.08570123446177,m,valid
E001-v1,tuning,A,a-square-300,tuning-single-n500,2026090301,radius,violations,0.0,count,valid
E001-v1,tuning,A,a-square-300,tuning-single-n500,2026090301,seam300,value,1.6166666666666667,ratio,valid
E001-v1,tuning,A,a-square-300,tuning-single-n500,2026090302,a4,value,0.05053573559532011,ratio,valid
E001-v1,tuning,A,a-square-300,tuning-single-n500,2026090302,edgeRatio30,value,0.7101449275362318,ratio,valid
E001-v1,tuning,A,a-square-300,tuning-single-n500,2026090302,radius,max,206.1287588548598,m,valid
E001-v1,tuning,A,a-square-300,tuning-single-n500,2026090302,radius,p50,115.22137679005537,m,valid
E001-v1,tuning,A,a-square-300,tuning-single-n500,2026090302,radius,p95,172.67703369673097,m,valid
E001-v1,tuning,A,a-square-300,tuning-single-n500,2026090302,radius,p99,194.62773687284138,m,valid
E001-v1,tuning,A,a-square-300,tuning-single-n500,2026090302,radius,violations,0.0,count,valid
E001-v1,tuning,A,a-square-300,tuning-single-n500,2026090302,seam300,value,1.5654761904761905,ratio,valid
E001-v1,tuning,A,a-square-300,tuning-single-n500,2026090303,a4,value,0.1736614736832057,ratio,valid
E001-v1,tuning,A,a-square-300,tuning-single-n500,2026090303,edgeRatio30,value,1.0606060606060606,ratio,valid
E001-v1,tuning,A,a-square-300,tuning-single-n500,2026090303,radius,max,202.9105473291926,m,valid
E001-v1,tuning,A,a-square-300,tuning-single-n500,2026090303,radius,p50,118.14548814793748,m,valid
E001-v1,tuning,A,a-square-300,tuning-single-n500,2026090303,radius,p95,184.59818059237278,m,valid
E001-v1,tuning,A,a-square-300,tuning-single-n500,2026090303,radius,p99,200.9986664405978,m,valid
E001-v1,tuning,A,a-square-300,tuning-single-n500,2026090303,radius,violations,0.0,count,valid
E001-v1,tuning,A,a-square-300,tuning-single-n500,2026090303,seam300,value,1.6333333333333333,ratio,valid
E001-v1,tuning,A,a-square-300,tuning-single-n500,2026090304,a4,value,0.11674475202060755,ratio,valid
E001-v1,tuning,A,a-square-300,tuning-single-n500,2026090304,edgeRatio30,value,1.2352941176470589,ratio,valid
E001-v1,tuning,A,a-square-300,tuning-single-n500,2026090304,radius,max,197.9788769881956,m,valid
E001-v1,tuning,A,a-square-300,tuning-single-n500,2026090304,radius,p50,123.48198026842498,m,valid
E001-v1,tuning,A,a-square-300,tuning-single-n500,2026090304,radius,p95,178.2775623549276,m,valid
E001-v1,tuning,A,a-square-300,tuning-single-n500,2026090304,radius,p99,197.66134339490443,m,valid
E001-v1,tuning,A,a-square-300,tuning-single-n500,2026090304,radius,violations,0.0,count,valid
E001-v1,tuning,A,a-square-300,tuning-single-n500,2026090304,seam300,value,1.6628787878787878,ratio,valid
E001-v1,tuning,A,a-square-300,tuning-single-n500,2026090305,a4,value,0.15991714292637133,ratio,valid
E001-v1,tuning,A,a-square-300,tuning-single-n500,2026090305,edgeRatio30,value,1.0634920634920635,ratio,valid
E001-v1,tuning,A,a-square-300,tuning-single-n500,2026090305,radius,max,186.20996770747496,m,valid
E001-v1,tuning,A,a-square-300,tuning-single-n500,2026090305,radius,p50,109.86332769272876,m,valid
E001-v1,tuning,A,a-square-300,tuning-single-n500,2026090305,radius,p95,168.7049186261389,m,valid
E001-v1,tuning,A,a-square-300,tuning-single-n500,2026090305,radius,p99,175.61270147549598,m,valid
E001-v1,tuning,A,a-square-300,tuning-single-n500,2026090305,radius,violations,0.0,count,valid
E001-v1,tuning,A,a-square-300,tuning-single-n500,2026090305,seam300,value,1.4916666666666665,ratio,valid
E001-v1,tuning,D,d-s100-r300,tuning-grid-imbalanced-n4500,,a4,max,0.03642801152387926,ratio,valid
E001-v1,tuning,D,d-s100-r300,tuning-grid-imbalanced-n4500,,a4,median,0.0,ratio,valid
E001-v1,tuning,D,d-s100-r300,tuning-grid-imbalanced-n4500,,a4,min,0.0,ratio,valid
E001-v1,tuning,D,d-s100-r300,tuning-grid-imbalanced-n4500,,edgeRatio30,max,1.4912280701754386,ratio,valid
E001-v1,tuning,D,d-s100-r300,tuning-grid-imbalanced-n4500,,edgeRatio30,median,0.17894736842105266,ratio,valid
E001-v1,tuning,D,d-s100-r300,tuning-grid-imbalanced-n4500,,edgeRatio30,min,0.12781954887218047,ratio,valid
E001-v1,tuning,D,d-s100-r300,tuning-grid-imbalanced-n4500,,hotspot50,cv,1.5152839117912305,ratio,valid
E001-v1,tuning,D,d-s100-r300,tuning-grid-imbalanced-n4500,,hotspot50,max,80.0,count,valid
E001-v1,tuning,D,d-s100-r300,tuning-grid-imbalanced-n4500,,hotspot50,p99,54.0,count,valid
E001-v1,tuning,D,d-s100-r300,tuning-grid-imbalanced-n4500,,neighbors10,value,3.1946666666666665,count,valid
E001-v1,tuning,D,d-s100-r300,tuning-grid-imbalanced-n4500,,proximity16,value,0.9513333333333334,ratio,valid
E001-v1,tuning,D,d-s100-r300,tuning-grid-imbalanced-n4500,,proximity24,value,0.9864444444444445,ratio,valid
E001-v1,tuning,D,d-s100-r300,tuning-grid-imbalanced-n4500,,proximity8,value,0.7428888888888889,ratio,valid
E001-v1,tuning,D,d-s100-r300,tuning-grid-imbalanced-n4500,,radius,max.max,275.2495766933244,m,valid
E001-v1,tuning,D,d-s100-r300,tuning-grid-imbalanced-n4500,,radius,max.median,261.72838700137453,m,valid
E001-v1,tuning,D,d-s100-r300,tuning-grid-imbalanced-n4500,,radius,max.min,232.09934496260266,m,valid
E001-v1,tuning,D,d-s100-r300,tuning-grid-imbalanced-n4500,,radius,p50.max,91.04190306594198,m,valid
E001-v1,tuning,D,d-s100-r300,tuning-grid-imbalanced-n4500,,radius,p50.median,88.26105944704359,m,valid
E001-v1,tuning,D,d-s100-r300,tuning-grid-imbalanced-n4500,,radius,p50.min,87.42059430425822,m,valid
E001-v1,tuning,D,d-s100-r300,tuning-grid-imbalanced-n4500,,radius,p95.max,176.71079898107465,m,valid
E001-v1,tuning,D,d-s100-r300,tuning-grid-imbalanced-n4500,,radius,p95.median,174.47968698983547,m,valid
E001-v1,tuning,D,d-s100-r300,tuning-grid-imbalanced-n4500,,radius,p95.min,172.21765287110355,m,valid
E001-v1,tuning,D,d-s100-r300,tuning-grid-imbalanced-n4500,,radius,p99.max,214.05162637931383,m,valid
E001-v1,tuning,D,d-s100-r300,tuning-grid-imbalanced-n4500,,radius,p99.median,212.68304604277114,m,valid
E001-v1,tuning,D,d-s100-r300,tuning-grid-imbalanced-n4500,,radius,p99.min,200.87144164270381,m,valid
E001-v1,tuning,D,d-s100-r300,tuning-grid-imbalanced-n4500,,radius,violations.max,0.0,count,valid
E001-v1,tuning,D,d-s100-r300,tuning-grid-imbalanced-n4500,,radius,violations.median,0.0,count,valid
E001-v1,tuning,D,d-s100-r300,tuning-grid-imbalanced-n4500,,radius,violations.min,0.0,count,valid
E001-v1,tuning,D,d-s100-r300,tuning-grid-imbalanced-n4500,,samplerFailureCount,value,0.0,count,valid
E001-v1,tuning,D,d-s100-r300,tuning-grid-imbalanced-n4500,,seam300,max,0.5079365079365079,ratio,valid
E001-v1,tuning,D,d-s100-r300,tuning-grid-imbalanced-n4500,,seam300,median,0.2975140056022409,ratio,valid
E001-v1,tuning,D,d-s100-r300,tuning-grid-imbalanced-n4500,,seam300,min,0.2011363636363636,ratio,valid
E001-v1,tuning,D,d-s100-r300,tuning-grid-imbalanced-n4500,2026090301,a4,value,0.03642801152387926,ratio,valid
E001-v1,tuning,D,d-s100-r300,tuning-grid-imbalanced-n4500,2026090301,edgeRatio30,value,0.17894736842105266,ratio,valid
E001-v1,tuning,D,d-s100-r300,tuning-grid-imbalanced-n4500,2026090301,radius,max,261.72838700137453,m,valid
E001-v1,tuning,D,d-s100-r300,tuning-grid-imbalanced-n4500,2026090301,radius,p50,91.04190306594198,m,valid
E001-v1,tuning,D,d-s100-r300,tuning-grid-imbalanced-n4500,2026090301,radius,p95,174.23108163088315,m,valid
E001-v1,tuning,D,d-s100-r300,tuning-grid-imbalanced-n4500,2026090301,radius,p99,212.68304604277114,m,valid
E001-v1,tuning,D,d-s100-r300,tuning-grid-imbalanced-n4500,2026090301,radius,violations,0.0,count,valid
E001-v1,tuning,D,d-s100-r300,tuning-grid-imbalanced-n4500,2026090301,seam300,value,0.2975140056022409,ratio,valid
E001-v1,tuning,D,d-s100-r300,tuning-grid-imbalanced-n4500,2026090302,a4,value,0.0,ratio,valid
E001-v1,tuning,D,d-s100-r300,tuning-grid-imbalanced-n4500,2026090302,edgeRatio30,value,1.4912280701754386,ratio,valid
E001-v1,tuning,D,d-s100-r300,tuning-grid-imbalanced-n4500,2026090302,radius,max,275.2495766933244,m,valid
E001-v1,tuning,D,d-s100-r300,tuning-grid-imbalanced-n4500,2026090302,radius,p50,90.50961411605124,m,valid
E001-v1,tuning,D,d-s100-r300,tuning-grid-imbalanced-n4500,2026090302,radius,p95,176.71079898107465,m,valid
E001-v1,tuning,D,d-s100-r300,tuning-grid-imbalanced-n4500,2026090302,radius,p99,212.8425205428952,m,valid
E001-v1,tuning,D,d-s100-r300,tuning-grid-imbalanced-n4500,2026090302,radius,violations,0.0,count,valid
E001-v1,tuning,D,d-s100-r300,tuning-grid-imbalanced-n4500,2026090302,seam300,value,0.2011363636363636,ratio,valid
E001-v1,tuning,D,d-s100-r300,tuning-grid-imbalanced-n4500,2026090303,a4,value,0.0,ratio,valid
E001-v1,tuning,D,d-s100-r300,tuning-grid-imbalanced-n4500,2026090303,edgeRatio30,value,0.12781954887218047,ratio,valid
E001-v1,tuning,D,d-s100-r300,tuning-grid-imbalanced-n4500,2026090303,radius,max,268.4482892124563,m,valid
E001-v1,tuning,D,d-s100-r300,tuning-grid-imbalanced-n4500,2026090303,radius,p50,87.42059430425822,m,valid
E001-v1,tuning,D,d-s100-r300,tuning-grid-imbalanced-n4500,2026090303,radius,p95,172.21765287110355,m,valid
E001-v1,tuning,D,d-s100-r300,tuning-grid-imbalanced-n4500,2026090303,radius,p99,210.84390640935788,m,valid
E001-v1,tuning,D,d-s100-r300,tuning-grid-imbalanced-n4500,2026090303,radius,violations,0.0,count,valid
E001-v1,tuning,D,d-s100-r300,tuning-grid-imbalanced-n4500,2026090303,seam300,value,0.3880952380952381,ratio,valid
E001-v1,tuning,D,d-s100-r300,tuning-grid-imbalanced-n4500,2026090304,a4,value,0.0,ratio,valid
E001-v1,tuning,D,d-s100-r300,tuning-grid-imbalanced-n4500,2026090304,edgeRatio30,value,0.17894736842105266,ratio,valid
E001-v1,tuning,D,d-s100-r300,tuning-grid-imbalanced-n4500,2026090304,radius,max,246.7725872531882,m,valid
E001-v1,tuning,D,d-s100-r300,tuning-grid-imbalanced-n4500,2026090304,radius,p50,88.26105944704359,m,valid
E001-v1,tuning,D,d-s100-r300,tuning-grid-imbalanced-n4500,2026090304,radius,p95,175.73633829120726,m,valid
E001-v1,tuning,D,d-s100-r300,tuning-grid-imbalanced-n4500,2026090304,radius,p99,214.05162637931383,m,valid
E001-v1,tuning,D,d-s100-r300,tuning-grid-imbalanced-n4500,2026090304,radius,violations,0.0,count,valid
E001-v1,tuning,D,d-s100-r300,tuning-grid-imbalanced-n4500,2026090304,seam300,value,0.5079365079365079,ratio,valid
E001-v1,tuning,D,d-s100-r300,tuning-grid-imbalanced-n4500,2026090305,a4,value,0.0,ratio,valid
E001-v1,tuning,D,d-s100-r300,tuning-grid-imbalanced-n4500,2026090305,edgeRatio30,value,0.8947368421052633,ratio,valid
E001-v1,tuning,D,d-s100-r300,tuning-grid-imbalanced-n4500,2026090305,radius,max,232.09934496260266,m,valid
E001-v1,tuning,D,d-s100-r300,tuning-grid-imbalanced-n4500,2026090305,radius,p50,87.64203532809432,m,valid
E001-v1,tuning,D,d-s100-r300,tuning-grid-imbalanced-n4500,2026090305,radius,p95,174.47968698983547,m,valid
E001-v1,tuning,D,d-s100-r300,tuning-grid-imbalanced-n4500,2026090305,radius,p99,200.87144164270381,m,valid
E001-v1,tuning,D,d-s100-r300,tuning-grid-imbalanced-n4500,2026090305,radius,violations,0.0,count,valid
E001-v1,tuning,D,d-s100-r300,tuning-grid-imbalanced-n4500,2026090305,seam300,value,0.29136904761904764,ratio,valid
E001-v1,tuning,D,d-s100-r300,tuning-single-n500,,a4,max,0.1719230245771825,ratio,valid
E001-v1,tuning,D,d-s100-r300,tuning-single-n500,,a4,median,0.07834908191712706,ratio,valid
E001-v1,tuning,D,d-s100-r300,tuning-single-n500,,a4,min,0.04430367306059239,ratio,valid
E001-v1,tuning,D,d-s100-r300,tuning-single-n500,,edgeRatio30,max,0.8947368421052633,ratio,valid
E001-v1,tuning,D,d-s100-r300,tuning-single-n500,,edgeRatio30,median,0.8947368421052633,ratio,valid
E001-v1,tuning,D,d-s100-r300,tuning-single-n500,,edgeRatio30,min,0.8947368421052633,ratio,valid
E001-v1,tuning,D,d-s100-r300,tuning-single-n500,,hotspot50,cv,2.0139831181020384,ratio,valid
E001-v1,tuning,D,d-s100-r300,tuning-single-n500,,hotspot50,max,31.0,count,valid
E001-v1,tuning,D,d-s100-r300,tuning-single-n500,,hotspot50,p99,30.0,count,valid
E001-v1,tuning,D,d-s100-r300,tuning-single-n500,,neighbors10,value,2.056,count,valid
E001-v1,tuning,D,d-s100-r300,tuning-single-n500,,proximity16,value,0.922,ratio,valid
E001-v1,tuning,D,d-s100-r300,tuning-single-n500,,proximity24,value,0.968,ratio,valid
E001-v1,tuning,D,d-s100-r300,tuning-single-n500,,proximity8,value,0.696,ratio,valid
E001-v1,tuning,D,d-s100-r300,tuning-single-n500,,radius,max.max,234.90207678755752,m,valid
E001-v1,tuning,D,d-s100-r300,tuning-single-n500,,radius,max.median,197.15771997555262,m,valid
E001-v1,tuning,D,d-s100-r300,tuning-single-n500,,radius,max.min,185.67205450284507,m,valid
E001-v1,tuning,D,d-s100-r300,tuning-single-n500,,radius,p50.max,96.92161906436156,m,valid
E001-v1,tuning,D,d-s100-r300,tuning-single-n500,,radius,p50.median,88.93092822321887,m,valid
E001-v1,tuning,D,d-s100-r300,tuning-single-n500,,radius,p50.min,81.76204064520043,m,valid
E001-v1,tuning,D,d-s100-r300,tuning-single-n500,,radius,p95.max,187.64550863842183,m,valid
E001-v1,tuning,D,d-s100-r300,tuning-single-n500,,radius,p95.median,177.13599738065005,m,valid
E001-v1,tuning,D,d-s100-r300,tuning-single-n500,,radius,p95.min,166.7763197984914,m,valid
E001-v1,tuning,D,d-s100-r300,tuning-single-n500,,radius,p99.max,206.07030136543565,m,valid
E001-v1,tuning,D,d-s100-r300,tuning-single-n500,,radius,p99.median,189.83494195745044,m,valid
E001-v1,tuning,D,d-s100-r300,tuning-single-n500,,radius,p99.min,182.27328365375675,m,valid
E001-v1,tuning,D,d-s100-r300,tuning-single-n500,,radius,violations.max,0.0,count,valid
E001-v1,tuning,D,d-s100-r300,tuning-single-n500,,radius,violations.median,0.0,count,valid
E001-v1,tuning,D,d-s100-r300,tuning-single-n500,,radius,violations.min,0.0,count,valid
E001-v1,tuning,D,d-s100-r300,tuning-single-n500,,samplerFailureCount,value,0.0,count,valid
E001-v1,tuning,D,d-s100-r300,tuning-single-n500,,seam300,max,0.625,ratio,valid
E001-v1,tuning,D,d-s100-r300,tuning-single-n500,,seam300,median,0.5,ratio,valid
E001-v1,tuning,D,d-s100-r300,tuning-single-n500,,seam300,min,0.47619047619047616,ratio,valid
E001-v1,tuning,D,d-s100-r300,tuning-single-n500,2026090301,a4,value,0.058532512132325236,ratio,valid
E001-v1,tuning,D,d-s100-r300,tuning-single-n500,2026090301,edgeRatio30,value,0.8947368421052633,ratio,valid
E001-v1,tuning,D,d-s100-r300,tuning-single-n500,2026090301,radius,max,185.67205450284507,m,valid
E001-v1,tuning,D,d-s100-r300,tuning-single-n500,2026090301,radius,p50,88.93092822321887,m,valid
E001-v1,tuning,D,d-s100-r300,tuning-single-n500,2026090301,radius,p95,175.3572058640192,m,valid
E001-v1,tuning,D,d-s100-r300,tuning-single-n500,2026090301,radius,p99,182.27328365375675,m,valid
E001-v1,tuning,D,d-s100-r300,tuning-single-n500,2026090301,radius,violations,0.0,count,valid
E001-v1,tuning,D,d-s100-r300,tuning-single-n500,2026090301,seam300,value,0.5,ratio,valid
E001-v1,tuning,D,d-s100-r300,tuning-single-n500,2026090302,a4,value,0.10310738403341961,ratio,valid
E001-v1,tuning,D,d-s100-r300,tuning-single-n500,2026090302,edgeRatio30,value,0.8947368421052633,ratio,valid
E001-v1,tuning,D,d-s100-r300,tuning-single-n500,2026090302,radius,max,209.61509719584237,m,valid
E001-v1,tuning,D,d-s100-r300,tuning-single-n500,2026090302,radius,p50,89.37982272895474,m,valid
E001-v1,tuning,D,d-s100-r300,tuning-single-n500,2026090302,radius,p95,187.64550863842183,m,valid
E001-v1,tuning,D,d-s100-r300,tuning-single-n500,2026090302,radius,p99,206.07030136543565,m,valid
E001-v1,tuning,D,d-s100-r300,tuning-single-n500,2026090302,radius,violations,0.0,count,valid
E001-v1,tuning,D,d-s100-r300,tuning-single-n500,2026090302,seam300,value,0.5,ratio,valid
E001-v1,tuning,D,d-s100-r300,tuning-single-n500,2026090303,a4,value,0.07834908191712706,ratio,valid
E001-v1,tuning,D,d-s100-r300,tuning-single-n500,2026090303,edgeRatio30,value,0.8947368421052633,ratio,valid
E001-v1,tuning,D,d-s100-r300,tuning-single-n500,2026090303,radius,max,197.15771997555262,m,valid
E001-v1,tuning,D,d-s100-r300,tuning-single-n500,2026090303,radius,p50,81.76204064520043,m,valid
E001-v1,tuning,D,d-s100-r300,tuning-single-n500,2026090303,radius,p95,166.7763197984914,m,valid
E001-v1,tuning,D,d-s100-r300,tuning-single-n500,2026090303,radius,p99,189.4688301528788,m,valid
E001-v1,tuning,D,d-s100-r300,tuning-single-n500,2026090303,radius,violations,0.0,count,valid
E001-v1,tuning,D,d-s100-r300,tuning-single-n500,2026090303,seam300,value,0.5833333333333333,ratio,valid
E001-v1,tuning,D,d-s100-r300,tuning-single-n500,2026090304,a4,value,0.04430367306059239,ratio,valid
E001-v1,tuning,D,d-s100-r300,tuning-single-n500,2026090304,edgeRatio30,value,0.8947368421052633,ratio,valid
E001-v1,tuning,D,d-s100-r300,tuning-single-n500,2026090304,radius,max,234.90207678755752,m,valid
E001-v1,tuning,D,d-s100-r300,tuning-single-n500,2026090304,radius,p50,86.00528986247366,m,valid
E001-v1,tuning,D,d-s100-r300,tuning-single-n500,2026090304,radius,p95,186.041493204453,m,valid
E001-v1,tuning,D,d-s100-r300,tuning-single-n500,2026090304,radius,p99,203.93660921825497,m,valid
E001-v1,tuning,D,d-s100-r300,tuning-single-n500,2026090304,radius,violations,0.0,count,valid
E001-v1,tuning,D,d-s100-r300,tuning-single-n500,2026090304,seam300,value,0.47619047619047616,ratio,valid
E001-v1,tuning,D,d-s100-r300,tuning-single-n500,2026090305,a4,value,0.1719230245771825,ratio,valid
E001-v1,tuning,D,d-s100-r300,tuning-single-n500,2026090305,edgeRatio30,value,0.8947368421052633,ratio,valid
E001-v1,tuning,D,d-s100-r300,tuning-single-n500,2026090305,radius,max,197.0280354443159,m,valid
E001-v1,tuning,D,d-s100-r300,tuning-single-n500,2026090305,radius,p50,96.92161906436156,m,valid
E001-v1,tuning,D,d-s100-r300,tuning-single-n500,2026090305,radius,p95,177.13599738065005,m,valid
E001-v1,tuning,D,d-s100-r300,tuning-single-n500,2026090305,radius,p99,189.83494195745044,m,valid
E001-v1,tuning,D,d-s100-r300,tuning-single-n500,2026090305,radius,violations,0.0,count,valid
E001-v1,tuning,D,d-s100-r300,tuning-single-n500,2026090305,seam300,value,0.625,ratio,valid
E001-v1,tuning,D,d-s120-r300,tuning-grid-imbalanced-n4500,,a4,max,0.05220433633083213,ratio,valid
E001-v1,tuning,D,d-s120-r300,tuning-grid-imbalanced-n4500,,a4,median,0.008439444814685898,ratio,valid
E001-v1,tuning,D,d-s120-r300,tuning-grid-imbalanced-n4500,,a4,min,0.0,ratio,valid
E001-v1,tuning,D,d-s120-r300,tuning-grid-imbalanced-n4500,,edgeRatio30,max,0.8947368421052633,ratio,valid
E001-v1,tuning,D,d-s120-r300,tuning-grid-imbalanced-n4500,,edgeRatio30,median,0.09941520467836258,ratio,valid
E001-v1,tuning,D,d-s120-r300,tuning-grid-imbalanced-n4500,,edgeRatio30,min,0.0813397129186603,ratio,valid
E001-v1,tuning,D,d-s120-r300,tuning-grid-imbalanced-n4500,,hotspot50,cv,1.3690963767715145,ratio,valid
E001-v1,tuning,D,d-s120-r300,tuning-grid-imbalanced-n4500,,hotspot50,max,68.0,count,valid
E001-v1,tuning,D,d-s120-r300,tuning-grid-imbalanced-n4500,,hotspot50,p99,47.0,count,valid
E001-v1,tuning,D,d-s120-r300,tuning-grid-imbalanced-n4500,,neighbors10,value,2.768,count,valid
E001-v1,tuning,D,d-s120-r300,tuning-grid-imbalanced-n4500,,proximity16,value,0.9524444444444444,ratio,valid
E001-v1,tuning,D,d-s120-r300,tuning-grid-imbalanced-n4500,,proximity24,value,0.9871111111111112,ratio,valid
E001-v1,tuning,D,d-s120-r300,tuning-grid-imbalanced-n4500,,proximity8,value,0.7157777777777777,ratio,valid
E001-v1,tuning,D,d-s120-r300,tuning-grid-imbalanced-n4500,,radius,max.max,275.2495766933244,m,valid
E001-v1,tuning,D,d-s120-r300,tuning-grid-imbalanced-n4500,,radius,max.median,261.72838700137453,m,valid
E001-v1,tuning,D,d-s120-r300,tuning-grid-imbalanced-n4500,,radius,max.min,241.78371596108573,m,valid
E001-v1,tuning,D,d-s120-r300,tuning-grid-imbalanced-n4500,,radius,p50.max,100.9837716008681,m,valid
E001-v1,tuning,D,d-s120-r300,tuning-grid-imbalanced-n4500,,radius,p50.median,98.00490406800381,m,valid
E001-v1,tuning,D,d-s120-r300,tuning-grid-imbalanced-n4500,,radius,p50.min,94.4702943796239,m,valid
E001-v1,tuning,D,d-s120-r300,tuning-grid-imbalanced-n4500,,radius,p95.max,190.62007011715178,m,valid
E001-v1,tuning,D,d-s120-r300,tuning-grid-imbalanced-n4500,,radius,p95.median,187.86547907820332,m,valid
E001-v1,tuning,D,d-s120-r300,tuning-grid-imbalanced-n4500,,radius,p95.min,185.09596284296035,m,valid
E001-v1,tuning,D,d-s120-r300,tuning-grid-imbalanced-n4500,,radius,p99.max,229.51285180687032,m,valid
E001-v1,tuning,D,d-s120-r300,tuning-grid-imbalanced-n4500,,radius,p99.median,225.17653164863307,m,valid
E001-v1,tuning,D,d-s120-r300,tuning-grid-imbalanced-n4500,,radius,p99.min,219.57360067365977,m,valid
E001-v1,tuning,D,d-s120-r300,tuning-grid-imbalanced-n4500,,radius,violations.max,0.0,count,valid
E001-v1,tuning,D,d-s120-r300,tuning-grid-imbalanced-n4500,,radius,violations.median,0.0,count,valid
E001-v1,tuning,D,d-s120-r300,tuning-grid-imbalanced-n4500,,radius,violations.min,0.0,count,valid
E001-v1,tuning,D,d-s120-r300,tuning-grid-imbalanced-n4500,,samplerFailureCount,value,0.0,count,valid
E001-v1,tuning,D,d-s120-r300,tuning-grid-imbalanced-n4500,,seam300,max,0.36363636363636365,ratio,valid
E001-v1,tuning,D,d-s120-r300,tuning-grid-imbalanced-n4500,,seam300,median,0.2954242315655359,ratio,valid
E001-v1,tuning,D,d-s120-r300,tuning-grid-imbalanced-n4500,,seam300,min,0.23888888888888887,ratio,valid
E001-v1,tuning,D,d-s120-r300,tuning-grid-imbalanced-n4500,2026090301,a4,value,0.05220433633083213,ratio,valid
E001-v1,tuning,D,d-s120-r300,tuning-grid-imbalanced-n4500,2026090301,edgeRatio30,value,0.09941520467836258,ratio,valid
E001-v1,tuning,D,d-s120-r300,tuning-grid-imbalanced-n4500,2026090301,radius,max,261.72838700137453,m,valid
E001-v1,tuning,D,d-s120-r300,tuning-grid-imbalanced-n4500,2026090301,radius,p50,100.92192151472105,m,valid
E001-v1,tuning,D,d-s120-r300,tuning-grid-imbalanced-n4500,2026090301,radius,p95,190.30030935639223,m,valid
E001-v1,tuning,D,d-s120-r300,tuning-grid-imbalanced-n4500,2026090301,radius,p99,220.2207041647024,m,valid
E001-v1,tuning,D,d-s120-r300,tuning-grid-imbalanced-n4500,2026090301,radius,violations,0.0,count,valid
E001-v1,tuning,D,d-s120-r300,tuning-grid-imbalanced-n4500,2026090301,seam300,value,0.23888888888888887,ratio,valid
E001-v1,tuning,D,d-s120-r300,tuning-grid-imbalanced-n4500,2026090302,a4,value,0.0,ratio,valid
E001-v1,tuning,D,d-s120-r300,tuning-grid-imbalanced-n4500,2026090302,edgeRatio30,value,0.8947368421052633,ratio,valid
E001-v1,tuning,D,d-s120-r300,tuning-grid-imbalanced-n4500,2026090302,radius,max,275.2495766933244,m,valid
E001-v1,tuning,D,d-s120-r300,tuning-grid-imbalanced-n4500,2026090302,radius,p50,100.9837716008681,m,valid
E001-v1,tuning,D,d-s120-r300,tuning-grid-imbalanced-n4500,2026090302,radius,p95,190.62007011715178,m,valid
E001-v1,tuning,D,d-s120-r300,tuning-grid-imbalanced-n4500,2026090302,radius,p99,227.4588230709764,m,valid
E001-v1,tuning,D,d-s120-r300,tuning-grid-imbalanced-n4500,2026090302,radius,violations,0.0,count,valid
E001-v1,tuning,D,d-s120-r300,tuning-grid-imbalanced-n4500,2026090302,seam300,value,0.2536231884057971,ratio,valid
E001-v1,tuning,D,d-s120-r300,tuning-grid-imbalanced-n4500,2026090303,a4,value,0.0,ratio,valid
E001-v1,tuning,D,d-s120-r300,tuning-grid-imbalanced-n4500,2026090303,edgeRatio30,value,0.0813397129186603,ratio,valid
E001-v1,tuning,D,d-s120-r300,tuning-grid-imbalanced-n4500,2026090303,radius,max,267.8721462071508,m,valid
E001-v1,tuning,D,d-s120-r300,tuning-grid-imbalanced-n4500,2026090303,radius,p50,94.4702943796239,m,valid
E001-v1,tuning,D,d-s120-r300,tuning-grid-imbalanced-n4500,2026090303,radius,p95,186.25925792490932,m,valid
E001-v1,tuning,D,d-s120-r300,tuning-grid-imbalanced-n4500,2026090303,radius,p99,225.17653164863307,m,valid
E001-v1,tuning,D,d-s120-r300,tuning-grid-imbalanced-n4500,2026090303,radius,violations,0.0,count,valid
E001-v1,tuning,D,d-s120-r300,tuning-grid-imbalanced-n4500,2026090303,seam300,value,0.36363636363636365,ratio,valid
E001-v1,tuning,D,d-s120-r300,tuning-grid-imbalanced-n4500,2026090304,a4,value,0.01976740029975934,ratio,valid
E001-v1,tuning,D,d-s120-r300,tuning-grid-imbalanced-n4500,2026090304,edgeRatio30,value,0.0813397129186603,ratio,valid
E001-v1,tuning,D,d-s120-r300,tuning-grid-imbalanced-n4500,2026090304,radius,max,255.85636865591493,m,valid
E001-v1,tuning,D,d-s120-r300,tuning-grid-imbalanced-n4500,2026090304,radius,p50,98.00490406800381,m,valid
E001-v1,tuning,D,d-s120-r300,tuning-grid-imbalanced-n4500,2026090304,radius,p95,187.86547907820332,m,valid
E001-v1,tuning,D,d-s120-r300,tuning-grid-imbalanced-n4500,2026090304,radius,p99,229.51285180687032,m,valid
E001-v1,tuning,D,d-s120-r300,tuning-grid-imbalanced-n4500,2026090304,radius,violations,0.0,count,valid
E001-v1,tuning,D,d-s120-r300,tuning-grid-imbalanced-n4500,2026090304,seam300,value,0.2954242315655359,ratio,valid
E001-v1,tuning,D,d-s120-r300,tuning-grid-imbalanced-n4500,2026090305,a4,value,0.008439444814685898,ratio,valid
E001-v1,tuning,D,d-s120-r300,tuning-grid-imbalanced-n4500,2026090305,edgeRatio30,value,0.2982456140350877,ratio,valid
E001-v1,tuning,D,d-s120-r300,tuning-grid-imbalanced-n4500,2026090305,radius,max,241.78371596108573,m,valid
E001-v1,tuning,D,d-s120-r300,tuning-grid-imbalanced-n4500,2026090305,radius,p50,95.60555992486933,m,valid
E001-v1,tuning,D,d-s120-r300,tuning-grid-imbalanced-n4500,2026090305,radius,p95,185.09596284296035,m,valid
E001-v1,tuning,D,d-s120-r300,tuning-grid-imbalanced-n4500,2026090305,radius,p99,219.57360067365977,m,valid
E001-v1,tuning,D,d-s120-r300,tuning-grid-imbalanced-n4500,2026090305,radius,violations,0.0,count,valid
E001-v1,tuning,D,d-s120-r300,tuning-grid-imbalanced-n4500,2026090305,seam300,value,0.3273809523809524,ratio,valid
E001-v1,tuning,D,d-s120-r300,tuning-single-n500,,a4,max,0.061178670752906256,ratio,valid
E001-v1,tuning,D,d-s120-r300,tuning-single-n500,,a4,median,0.0,ratio,valid
E001-v1,tuning,D,d-s120-r300,tuning-single-n500,,a4,min,0.0,ratio,valid
E001-v1,tuning,D,d-s120-r300,tuning-single-n500,,edgeRatio30,max,0.8947368421052633,ratio,valid
E001-v1,tuning,D,d-s120-r300,tuning-single-n500,,edgeRatio30,median,0.8947368421052633,ratio,valid
E001-v1,tuning,D,d-s120-r300,tuning-single-n500,,edgeRatio30,min,0.2982456140350877,ratio,valid
E001-v1,tuning,D,d-s120-r300,tuning-single-n500,,hotspot50,cv,1.8784333898224896,ratio,valid
E001-v1,tuning,D,d-s120-r300,tuning-single-n500,,hotspot50,max,29.0,count,valid
E001-v1,tuning,D,d-s120-r300,tuning-single-n500,,hotspot50,p99,28.0,count,valid
E001-v1,tuning,D,d-s120-r300,tuning-single-n500,,neighbors10,value,1.78,count,valid
E001-v1,tuning,D,d-s120-r300,tuning-single-n500,,proximity16,value,0.92,ratio,valid
E001-v1,tuning,D,d-s120-r300,tuning-single-n500,,proximity24,value,0.974,ratio,valid
E001-v1,tuning,D,d-s120-r300,tuning-single-n500,,proximity8,value,0.632,ratio,valid
E001-v1,tuning,D,d-s120-r300,tuning-single-n500,,radius,max.max,257.7897032652384,m,valid
E001-v1,tuning,D,d-s120-r300,tuning-single-n500,,radius,max.median,209.61509719584237,m,valid
E001-v1,tuning,D,d-s120-r300,tuning-single-n500,,radius,max.min,202.1287540096235,m,valid
E001-v1,tuning,D,d-s120-r300,tuning-single-n500,,radius,p50.max,101.25947011347128,m,valid
E001-v1,tuning,D,d-s120-r300,tuning-single-n500,,radius,p50.median,90.44102838174963,m,valid
E001-v1,tuning,D,d-s120-r300,tuning-single-n500,,radius,p50.min,84.49147786581165,m,valid
E001-v1,tuning,D,d-s120-r300,tuning-single-n500,,radius,p95.max,186.8458570183195,m,valid
E001-v1,tuning,D,d-s120-r300,tuning-single-n500,,radius,p95.median,182.27328365375675,m,valid
E001-v1,tuning,D,d-s120-r300,tuning-single-n500,,radius,p95.min,177.35688177761145,m,valid
E001-v1,tuning,D,d-s120-r300,tuning-single-n500,,radius,p99.max,212.23794376630272,m,valid
E001-v1,tuning,D,d-s120-r300,tuning-single-n500,,radius,p99.median,197.77590000375508,m,valid
E001-v1,tuning,D,d-s120-r300,tuning-single-n500,,radius,p99.min,196.2522924499583,m,valid
E001-v1,tuning,D,d-s120-r300,tuning-single-n500,,radius,violations.max,0.0,count,valid
E001-v1,tuning,D,d-s120-r300,tuning-single-n500,,radius,violations.median,0.0,count,valid
E001-v1,tuning,D,d-s120-r300,tuning-single-n500,,radius,violations.min,0.0,count,valid
E001-v1,tuning,D,d-s120-r300,tuning-single-n500,,samplerFailureCount,value,0.0,count,valid
E001-v1,tuning,D,d-s120-r300,tuning-single-n500,,seam300,max,0.875,ratio,valid
E001-v1,tuning,D,d-s120-r300,tuning-single-n500,,seam300,median,0.5833333333333333,ratio,valid
E001-v1,tuning,D,d-s120-r300,tuning-single-n500,,seam300,min,0.25,ratio,valid
E001-v1,tuning,D,d-s120-r300,tuning-single-n500,2026090301,a4,value,0.0,ratio,valid
E001-v1,tuning,D,d-s120-r300,tuning-single-n500,2026090301,edgeRatio30,value,0.2982456140350877,ratio,valid
E001-v1,tuning,D,d-s120-r300,tuning-single-n500,2026090301,radius,max,257.7897032652384,m,valid
E001-v1,tuning,D,d-s120-r300,tuning-single-n500,2026090301,radius,p50,100.63720692671389,m,valid
E001-v1,tuning,D,d-s120-r300,tuning-single-n500,2026090301,radius,p95,182.27328365375675,m,valid
E001-v1,tuning,D,d-s120-r300,tuning-single-n500,2026090301,radius,p99,197.77590000375508,m,valid
E001-v1,tuning,D,d-s120-r300,tuning-single-n500,2026090301,radius,violations,0.0,count,valid
E001-v1,tuning,D,d-s120-r300,tuning-single-n500,2026090301,seam300,value,0.45,ratio,valid
E001-v1,tuning,D,d-s120-r300,tuning-single-n500,2026090302,a4,value,0.0,ratio,valid
E001-v1,tuning,D,d-s120-r300,tuning-single-n500,2026090302,edgeRatio30,value,0.8947368421052633,ratio,valid
E001-v1,tuning,D,d-s120-r300,tuning-single-n500,2026090302,radius,max,209.61509719584237,m,valid
E001-v1,tuning,D,d-s120-r300,tuning-single-n500,2026090302,radius,p50,89.68825301788725,m,valid
E001-v1,tuning,D,d-s120-r300,tuning-single-n500,2026090302,radius,p95,177.35688177761145,m,valid
E001-v1,tuning,D,d-s120-r300,tuning-single-n500,2026090302,radius,p99,206.07030136543565,m,valid
E001-v1,tuning,D,d-s120-r300,tuning-single-n500,2026090302,radius,violations,0.0,count,valid
E001-v1,tuning,D,d-s120-r300,tuning-single-n500,2026090302,seam300,value,0.5833333333333333,ratio,valid
E001-v1,tuning,D,d-s120-r300,tuning-single-n500,2026090303,a4,value,0.04274544903907924,ratio,valid
E001-v1,tuning,D,d-s120-r300,tuning-single-n500,2026090303,edgeRatio30,value,0.8947368421052633,ratio,valid
E001-v1,tuning,D,d-s120-r300,tuning-single-n500,2026090303,radius,max,202.1287540096235,m,valid
E001-v1,tuning,D,d-s120-r300,tuning-single-n500,2026090303,radius,p50,84.49147786581165,m,valid
E001-v1,tuning,D,d-s120-r300,tuning-single-n500,2026090303,radius,p95,179.49748132863635,m,valid
E001-v1,tuning,D,d-s120-r300,tuning-single-n500,2026090303,radius,p99,197.15771997555262,m,valid
E001-v1,tuning,D,d-s120-r300,tuning-single-n500,2026090303,radius,violations,0.0,count,valid
E001-v1,tuning,D,d-s120-r300,tuning-single-n500,2026090303,seam300,value,0.25,ratio,valid
E001-v1,tuning,D,d-s120-r300,tuning-single-n500,2026090304,a4,value,0.061178670752906256,ratio,valid
E001-v1,tuning,D,d-s120-r300,tuning-single-n500,2026090304,edgeRatio30,value,0.8947368421052633,ratio,valid
E001-v1,tuning,D,d-s120-r300,tuning-single-n500,2026090304,radius,max,203.93660921825497,m,valid
E001-v1,tuning,D,d-s120-r300,tuning-single-n500,2026090304,radius,p50,90.44102838174963,m,valid
E001-v1,tuning,D,d-s120-r300,tuning-single-n500,2026090304,radius,p95,186.041493204453,m,valid
E001-v1,tuning,D,d-s120-r300,tuning-single-n500,2026090304,radius,p99,196.2522924499583,m,valid
E001-v1,tuning,D,d-s120-r300,tuning-single-n500,2026090304,radius,violations,0.0,count,valid
E001-v1,tuning,D,d-s120-r300,tuning-single-n500,2026090304,seam300,value,0.875,ratio,valid
E001-v1,tuning,D,d-s120-r300,tuning-single-n500,2026090305,a4,value,0.0,ratio,valid
E001-v1,tuning,D,d-s120-r300,tuning-single-n500,2026090305,edgeRatio30,value,0.8947368421052633,ratio,valid
E001-v1,tuning,D,d-s120-r300,tuning-single-n500,2026090305,radius,max,225.29067487753898,m,valid
E001-v1,tuning,D,d-s120-r300,tuning-single-n500,2026090305,radius,p50,101.25947011347128,m,valid
E001-v1,tuning,D,d-s120-r300,tuning-single-n500,2026090305,radius,p95,186.8458570183195,m,valid
E001-v1,tuning,D,d-s120-r300,tuning-single-n500,2026090305,radius,p99,212.23794376630272,m,valid
E001-v1,tuning,D,d-s120-r300,tuning-single-n500,2026090305,radius,violations,0.0,count,valid
E001-v1,tuning,D,d-s120-r300,tuning-single-n500,2026090305,seam300,value,0.7833333333333333,ratio,valid
