trial,mode,pins,first_pin_ms,all_pages_ms,raster_count,raster_sum_ms,raster_main,raster_worker,decode_count,decode_sum_ms,bitmap_convert_sum_ms,style_add_sum_ms,all_pins_count,fully_rendered
1,current,140,111,416,14,35,14,0,0,0,0,0,140,true
2,current,140,122,436,14,47,14,0,0,0,2,0,140,true
3,current,140,117,118,14,38,14,0,0,0,0,0,140,true
4,current,140,96,404,14,33,14,0,0,0,0,0,140,true
5,current,140,119,412,14,38,14,0,0,0,0,0,140,true
6,current,140,124,124,14,36,14,0,0,0,2,0,140,true
7,current,140,120,434,14,40,14,0,0,0,4,0,140,true
8,current,140,117,118,14,37,14,0,0,0,0,0,140,true
9,current,140,119,434,14,45,14,0,0,0,0,0,140,true
10,current,139,114,424,14,41,14,0,0,0,0,0,139,true
11,current,140,103,417,14,36,14,0,0,0,0,0,140,true
12,current,140,400,401,14,35,14,0,0,0,1,0,140,true
13,current,140,105,413,14,38,14,0,0,0,1,0,140,true
14,current,140,114,418,14,38,14,0,0,0,1,0,140,true
15,current,140,114,405,14,40,14,0,0,0,0,0,140,true
16,current,140,108,414,14,37,14,0,0,0,1,0,140,true
17,current,140,119,119,14,42,14,0,0,0,1,0,140,true
18,current,140,139,140,14,49,14,0,0,0,5,0,140,true
19,current,140,127,128,14,37,14,0,0,0,1,0,140,true
20,current,140,124,124,14,38,14,0,0,0,4,0,140,true
1,background,140,95,444,14,89,0,14,0,0,7,0,140,true
2,background,140,67,443,14,112,0,14,0,0,6,0,140,true
3,background,140,72,451,14,93,0,14,0,0,5,1,140,true
4,background,140,85,462,14,111,0,14,0,0,3,0,140,true
5,background,140,76,453,14,103,0,14,0,0,4,0,140,true
6,background,140,63,461,14,104,0,14,0,0,7,0,140,true
7,background,140,68,437,14,88,0,14,0,0,5,1,140,true
8,background,140,99,166,14,92,0,14,0,0,2,2,140,true
9,background,140,72,464,14,96,0,14,0,0,7,0,140,true
10,background,140,76,153,14,73,0,14,0,0,3,1,140,true
11,background,140,78,471,14,138,0,14,0,0,5,0,140,true
12,background,140,71,448,14,94,0,14,0,0,6,0,140,true
13,background,140,90,188,14,91,0,14,0,0,6,6,140,true
14,background,139,75,455,14,89,0,14,0,0,3,0,139,true
15,background,140,70,175,14,111,0,14,0,0,5,0,140,true
16,background,140,61,473,14,93,0,14,0,0,9,2,140,true
17,background,140,66,449,14,84,0,14,0,0,5,0,140,true
18,background,140,113,437,14,77,0,14,0,0,5,0,140,true
19,background,140,69,448,14,99,0,14,0,0,6,0,140,true
20,background,139,66,132,14,72,0,14,0,0,6,0,139,true
1,server,140,55,344,0,0,0,0,14,32,0,0,140,true
2,server,139,35,347,0,0,0,0,14,34,0,0,139,true
3,server,140,33,333,0,0,0,0,14,30,0,0,140,true
4,server,140,40,40,0,0,0,0,14,27,0,0,140,true
5,server,140,35,35,0,0,0,0,14,20,0,0,140,true
6,server,140,26,339,0,0,0,0,14,54,0,0,140,true
7,server,139,46,46,0,0,0,0,14,36,0,0,139,true
8,server,140,21,327,0,0,0,0,14,63,0,0,140,true
9,server,140,31,345,0,0,0,0,14,26,0,1,140,true
10,server,140,38,39,0,0,0,0,14,28,0,0,140,true
11,server,140,38,335,0,0,0,0,14,35,0,0,140,true
12,server,140,49,49,0,0,0,0,14,31,0,0,140,true
13,server,140,324,324,0,0,0,0,14,29,0,0,140,true
14,server,140,35,67,0,0,0,0,14,84,0,0,140,true
15,server,140,44,44,0,0,0,0,14,31,0,0,140,true
16,server,140,34,340,0,0,0,0,14,23,0,0,140,true
17,server,140,341,341,0,0,0,0,14,25,0,0,140,true
18,server,140,41,41,0,0,0,0,14,28,0,0,140,true
19,server,140,30,346,0,0,0,0,14,27,0,0,140,true
20,server,140,52,364,0,0,0,0,14,26,0,1,140,true
