model_id,parameter_set_id,sample_seed,point_index,point_seed_hex,offset_easting_bits,offset_northing_bits
D,d-s120-r300,2026090601,0,c129e00848e1e1dc,c056119f8a855347,403f971e229cf6d9
D,d-s120-r300,2026090601,1,3ea64477bd5192a6,c0248aae5f7dc1af,c026e743f16421bc
D,d-s120-r300,2026090601,2,560eaf4d1f6bc7f8,40318bb990f5010a,c040d29cfeaa46f3
D,d-s120-r300,2026090601,3,53226ed998b20326,c02fc643907c5b38,c046eac4527b79c6
D,d-s120-r300,2026090601,4,e0a2116c5cf5093b,c02a33bf198bc616,40478d728b2a9003
D,d-s120-r300,2026090601,5,d65015e877152077,c0546900be5d779a,4047ab43942daa24
D,d-s120-r300,2026090601,6,2b4cc645ff0b08f1,402168aa44e1bdaa,c013e29cf35cfe5e
D,d-s120-r300,2026090601,7,1c3f15d97ad6ace8,c03ac8a2d389c435,c05eedadf5aa29e2
D,d-s120-r300,2026090601,8,b362cfc49b3b6592,c0566f23b6b4f4af,c014e371809c27aa
D,d-s120-r300,2026090601,9,3e31efff20cf3167,c05b6f9fff5ace72,c038f6171c42383b
D,d-s120-r300,2026090601,10,e58d6cde70f76c73,c035f228119de410,403900e907376f3a
D,d-s120-r300,2026090601,11,015a33540a897c21,c0649fd838fb3dba,c02d7a88dc163c99
D,d-s120-r300,2026090601,12,ee094077fca40dc4,404bc4f3ba9d7cd9,c04d44ff9e254d42
D,d-s120-r300,2026090601,13,42b412daf0b7433e,405fba2c8fae6dce,c064324de136d0bc
D,d-s120-r300,2026090601,14,bc4cc828a0ed82e1,4032a88481a86811,403dd7c985412da8
D,d-s120-r300,2026090601,15,6ca89bbfd6f98ef7,c052c063e2e1a06a,c0472684fc25c05c
D,d-s120-r300,2026090601,16,7fa4ed481f455e5d,c03ee5883351da81,40512db4b02b47df
D,d-s120-r300,2026090601,17,4188608f3029edd4,c04bde20b5af7a32,40552e2ba008264e
D,d-s120-r300,2026090601,18,10441c6436de67f1,c05f0ac560becee1,405b00b85fdd1914
D,d-s120-r300,2026090601,19,4eaa1bf4784de526,c038410c0866b3b0,c066a2de69144864
D,d-s120-r300,2026090601,20,c1740e435db3b4b8,404253e34600e273,4057a5c9ac6d39be
D,d-s120-r300,2026090601,21,afcc46fa4b062acb,401250998abe21c3,405d0a4b1da89dbf
D,d-s120-r300,2026090601,22,a65098647c2c2ab9,404c9dac9e7f2e92,405425662cd6095e
D,d-s120-r300,2026090601,23,e05b3c02d00476fc,40490a5940ece47e,c04a6ac4986e542f
D,d-s120-r300,2026090601,24,1fbe1b32d6b98f0b,40538509fdd03b01,4058fc2abf507361
D,d-s120-r300,2026090601,25,5cee9850c5a34405,4060ca8ece190f7f,c049dfefd2de70b1
D,d-s120-r300,2026090601,26,73299ffd4866cdfe,c05baecfd427d756,c0335e481af8fd74
D,d-s120-r300,2026090601,27,8052a79755af0cac,c0539e1fbe056eab,c03d3c4abb003eb5
D,d-s120-r300,2026090601,28,32c1c393c523e6d1,406635529f8865ad,40548c4c16ae464e
D,d-s120-r300,2026090601,29,2a12dca6ccaa2fd8,c023d52a00e6dd12,405f604428dbe96e
D,d-s120-r300,2026090601,30,2c2562fecb41b44e,405d137115b6204b,40608fc261987fbf
D,d-s120-r300,2026090601,31,3322ea97a1069e37,c061fad9d5f16b79,40606fb41b9bb299
D,d-s120-r300,2026090601,32,0d656e5b5479c803,40413f0131815d07,40402152b06c48b3
D,d-s120-r300,2026090601,33,09e3a0401625206d,c05f252816ff1980,c0447d623dc92f10
D,d-s120-r300,2026090601,34,bc3e6296a5873aed,c0428dde5b15fb19,c0310494c7444431
D,d-s120-r300,2026090601,35,9e21ae208019dd0e,c054f6fe4eb46db2,4056df3d2df9c531
D,d-s120-r300,2026090601,36,7ef81e4ed34642f7,404e8c1dbe859aed,404ec0b0332d869d
D,d-s120-r300,2026090601,37,be8b7f9fc09fe0fc,4047b88d0492d198,c06a34df2cb4057f
D,d-s120-r300,2026090601,38,c69966ba6d174a0b,c040c778c4cb25ac,c04e4d3c3a141479
D,d-s120-r300,2026090601,39,c9cb8fcdacb2ad9c,c061b18aba747e21,c040d779ee1b1964
D,d-s120-r300,2026090601,40,a347cda02153dd77,4053948f61c6718c,4050b49616ea8b49
D,d-s120-r300,2026090601,41,0c5a1be4ea3342fe,c051e9f69bdf654a,c04fb5c1da8611f5
D,d-s120-r300,2026090601,42,5365485982223352,c04a570b06d03164,402985b3db9faef9
D,d-s120-r300,2026090601,43,db12af3d37296e47,c05cd2004f666dc4,404870656bd2bfca
D,d-s120-r300,2026090601,44,3c27cddb3f176717,c05c031a1c9f14b7,c0511293e338a442
D,d-s120-r300,2026090601,45,8fe75fdb972f3478,c02b1dea615492fe,405334f413e9152f
D,d-s120-r300,2026090601,46,8850c67be5fb22e7,c06297838d0df55a,c036d9c151e8a0f6
D,d-s120-r300,2026090601,47,faf21015417e8d7c,c047a9184f64a2f4,4059d74488067436
D,d-s120-r300,2026090601,48,39a6b93d8d37b82f,c061f557cb67505d,c04c18f3f1bd017a
D,d-s120-r300,2026090601,49,c327e63953d2326a,c03c4864136ca4b2,40473895a0257f8b
D,d-s120-r300,2026090601,50,de86119e810a871a,405ec25a3638b6ad,c0582adca2dc0b91
D,d-s120-r300,2026090601,51,c8a485f43698ce6a,c04a24cc7ab73624,c04e08cd027892e5
D,d-s120-r300,2026090601,52,df70b3af2e9cddb1,c046627e9db5ba31,402d38835cf82355
D,d-s120-r300,2026090601,53,35326eeb8244cc74,c04cad4e8161c1f8,4057dde1736c89ff
D,d-s120-r300,2026090601,54,2795cbca4a05eced,403e0814ed2a4a4f,404658c86a7e417c
D,d-s120-r300,2026090601,55,ee6fe93af0e48506,c0362121a36d362b,c018c6d9a87400a9
D,d-s120-r300,2026090601,56,a4fde2c973a8b281,c05ae1869181a3ea,404c77bc1525ed55
D,d-s120-r300,2026090601,57,296297bcdd9731ca,c04247196cc1edb4,40404b3cf7525d65
D,d-s120-r300,2026090601,58,85a89878ce73d474,40409abf1e1a7b07,c0591db1be604acb
D,d-s120-r300,2026090601,59,9d398bb47ed73419,c05d35ed4864ce44,403ed5e9c62b0fcf
D,d-s120-r300,2026090601,60,38afc132613c78a1,c06079e24f4ecb0b,4036526ae140c50b
D,d-s120-r300,2026090601,61,053fa1b7b6237054,c0549a1db76d0028,404b69573dfe0fc4
D,d-s120-r300,2026090601,62,c8c0c6ca61b78856,c0432cd2594878d7,c057c923206fb052
D,d-s120-r300,2026090601,63,8c03f30a01f787a8,c04de3df52990a97,4036fb56bde1ec14
D,d-s120-r300,2026090602,0,8669a8edf640edb8,402270f7e7b246f4,c0448f2415ddc818
D,d-s120-r300,2026090602,1,17ac8332d65080df,404840db787fce41,40501e7e31ee8db8
D,d-s120-r300,2026090602,2,60103c8f85c9c296,402ba355ac5ea493,4057f1335e376694
D,d-s120-r300,2026090602,3,e211e94f03e91a17,c04a987d2fb53afe,406110f51001f113
D,d-s120-r300,2026090602,4,adf687549ad061e0,4031638b2bf66a75,404b2925956ff05a
D,d-s120-r300,2026090602,5,fa397b3f93830664,c050c4e6e55e665b,405960f05b893e91
D,d-s120-r300,2026090602,6,5b0934d042c6c3d7,403620cd63fd9fea,402f230ef57d25fe
D,d-s120-r300,2026090602,7,46d937c5da2f9558,40329123d1b0d28f,c04576ebc007a50a
D,d-s120-r300,2026090602,8,5fbc4339e92d1516,c065d7d4b8365ad2,4058fd243630cbbb
D,d-s120-r300,2026090602,9,afe1666d610895db,c0643d6ce730d3cc,4014b8f7e6d2b7fd
D,d-s120-r300,2026090602,10,888214dbfe1c5963,c05d8d3977569181,c01c05fbccbab426
D,d-s120-r300,2026090602,11,0ae27c35e7980ead,403578c2606f614c,4023f60f70ddb41a
D,d-s120-r300,2026090602,12,e0636a928b2f4f65,402fdb6c1ad8bd27,401bd9e0aac5394d
D,d-s120-r300,2026090602,13,a144760ec148e05a,4051c6e3f9015824,4012ae6822f6f7c6
D,d-s120-r300,2026090602,14,fa37a9c6ea9b9646,c059a0545c5f45f1,405d949d758197b7
D,d-s120-r300,2026090602,15,5a6b34620e3e02b4,c021470365481825,c047ddd606cbcc65
D,d-s120-r300,2026090602,16,896762795b53f016,4049dc12289960f7,403fd5d290e55323
D,d-s120-r300,2026090602,17,c04456aea913cc29,4058a2cd2788d0cd,c05547526a80aa60
D,d-s120-r300,2026090602,18,4027580d6079c0db,405ac667e97fd935,40439855a80dd3b4
D,d-s120-r300,2026090602,19,3d61baa9c7dfc1ed,c04aa0bce4468d70,4063af91ae478eaf
D,d-s120-r300,2026090602,20,d2a0848e58dcd603,3ff7f28b4f9fc7f2,4038e828c6aa52de
D,d-s120-r300,2026090602,21,86d581b2bb05c32b,405c7aa73e059e36,4032f5411b9db1f9
D,d-s120-r300,2026090602,22,c032363292aefb49,405dd5f780db8470,404a41019387f965
D,d-s120-r300,2026090602,23,9ba8e82085bf31d8,40421a8b8f6abe14,c05125dcd5e05eb3
D,d-s120-r300,2026090602,24,ebe26b5083841684,c0608c26f13fd97f,c02d60a9d3423020
D,d-s120-r300,2026090602,25,ca700e611e19e8ec,c03f522471b57b65,c053ae4250b9b12b
D,d-s120-r300,2026090602,26,8392338663f2e0c4,c0430a374c46eaba,c06556001294921e
D,d-s120-r300,2026090602,27,0f9ee789086bede5,4061a96613a167b3,c055196795a6784f
D,d-s120-r300,2026090602,28,1249b05deae60f7a,c04521675857ab61,40523df18b5e723b
D,d-s120-r300,2026090602,29,9cf4295a06e54e2c,404f2f7d501942a9,c056c89a2b0914e0
D,d-s120-r300,2026090602,30,78d45eea98fb0ee6,c056cf9edabcba4e,c057ae114308ba8a
D,d-s120-r300,2026090602,31,00bf2e7e5113ea9c,4048417b93ff1f29,4062ed5e5b800c92
D,d-s120-r300,2026090602,32,09e278be040559d3,4054a6625eec984e,40427ce193c79bf8
D,d-s120-r300,2026090602,33,fcb4141f51d9e923,c0220e2afc74e7c7,4046a491ab8147f7
D,d-s120-r300,2026090602,34,9ebc482515117c83,405b170a1bc40fe6,c05599e201f8ddf2
D,d-s120-r300,2026090602,35,df82bf0a67f9958f,405b3780a278bde1,c024c637b46723b6
D,d-s120-r300,2026090602,36,6781aec71bc4ca6a,40323838865ecaef,405365a29d32c6b2
D,d-s120-r300,2026090602,37,eaef1a586df3520b,4056d68c99717b81,c036d6db9e825271
D,d-s120-r300,2026090602,38,571572c9ea8b6877,c02d8d990d09620f,c03183bde33cbc8a
D,d-s120-r300,2026090602,39,032107acc9426a02,40347d58b8efec80,c05303f66218dcfc
D,d-s120-r300,2026090602,40,06ab3581ec8b4af8,4045cfaeed222235,c053862bd985abbf
D,d-s120-r300,2026090602,41,50bc7a6f5230f346,c057f6680b0c6961,c05667aa20ff0469
D,d-s120-r300,2026090602,42,b76da136c7924c5a,c04a532435720f3f,c06072c317d12c61
D,d-s120-r300,2026090602,43,2215d8683c38ec2e,c0309b61fa44444f,c05c450d94c111c7
D,d-s120-r300,2026090602,44,8075f28fb273f668,403de9bf9363f7f7,4051abb5e35e3e0f
D,d-s120-r300,2026090602,45,c6e9616cfd8c731f,4060de30795a730c,404d522105bc6c1c
D,d-s120-r300,2026090602,46,5ef2bf341a349348,c05057a48fa74aaf,4061363b88554a9a
D,d-s120-r300,2026090602,47,4f6bc488ebc31f04,406225fdc91df875,406944577809d938
D,d-s120-r300,2026090602,48,8bcd02b96a1bd87e,4049a45707714b56,c05958d52d0a78cb
D,d-s120-r300,2026090602,49,67d77accfad6f938,c040498f5ff5ae93,404810b3a96ffc9b
D,d-s120-r300,2026090602,50,7f0b2449e96c9ed9,c04f5a0adcf58205,c058a425a9a42d71
D,d-s120-r300,2026090602,51,cf03de067fcfa7c1,406549ae2ed1c93b,405e0180dab1d026
D,d-s120-r300,2026090602,52,808469b815acbbd6,405b5b939b23b2e7,c054cb7c529315ce
D,d-s120-r300,2026090602,53,bb08ec44bed0cfac,405b7aff1d546a02,405d55ea8461eb9e
D,d-s120-r300,2026090602,54,ca69371b8838110c,40394763b80e69b5,4041fe7fce036952
D,d-s120-r300,2026090602,55,40fa8a5d58bcda13,404b52e8bc28c217,4020d476f268ba1d
D,d-s120-r300,2026090602,56,75fd8cc9d49b0b1f,c04cea2566bccaa5,c055084d2198cf82
D,d-s120-r300,2026090602,57,516d70452b0cd854,c01f82e814a9e531,4059744a2e8e2e28
D,d-s120-r300,2026090602,58,b8753f51859493a6,4069d67186d39266,c05236d5cd148ce4
D,d-s120-r300,2026090602,59,6ba9d0ceb7a8df43,404043967a2cb470,c059c2504783c910
D,d-s120-r300,2026090602,60,66e53881fa355e04,c0152b39fd644e3f,4039ee6b5bc6bc3a
D,d-s120-r300,2026090602,61,3c044f1538463e0f,4059751f222f3418,c055bddf535e5abd
D,d-s120-r300,2026090602,62,12859499926e3548,406044d970ac1e89,c060a3af04d6f182
D,d-s120-r300,2026090602,63,02e2bde053cf212d,c05fbd29ee77b082,c053ca7a3b030a6b
D,d-s120-r300,2026090603,0,10094034c171428c,c0505a3db237f299,c0438d5a948d8f2d
D,d-s120-r300,2026090603,1,9b2900be898305d8,3fa64407997a24b1,c0512973413794d4
D,d-s120-r300,2026090603,2,0e7e6baac0ce3f52,405a6e22216d6f82,405675a9aecf088b
D,d-s120-r300,2026090603,3,008603f3e24916d3,404f196f72c7f6ef,c050aee4da979652
D,d-s120-r300,2026090603,4,49bf5ef1064f6a5f,c03d9d227e851571,405c470a341b429e
D,d-s120-r300,2026090603,5,8f71c75c0eccd610,c03ebc6595c49c54,404d1a7883af50d1
D,d-s120-r300,2026090603,6,5d94eee97ed96c1e,c065bd3a319997f0,c057f7675685d1d9
D,d-s120-r300,2026090603,7,7865243dbd119ec5,c046e5c84a4e4b21,c02be0463844bcb3
D,d-s120-r300,2026090603,8,fc02006ef1ae2abb,402a776e5df57490,40635d5b5dcca5fa
D,d-s120-r300,2026090603,9,3eff39ff8f05cb45,c0542825383b42cd,4053b75bf67b15f7
D,d-s120-r300,2026090603,10,2acdc8638c04d4c9,405f76d73ba4e3a4,40484046b4005b2a
D,d-s120-r300,2026090603,11,293da849970a2be2,4047c4b677cb01d4,40445096ec13aaea
D,d-s120-r300,2026090603,12,1992319aa324d776,c0483f6964c21bbd,c04c0d0ab838782e
D,d-s120-r300,2026090603,13,1549847f8f721bbc,c056607cd564842e,4043ef5436a83c73
D,d-s120-r300,2026090603,14,5f284cb13adcdd7b,c05572b165442c59,c03feda13e164fa3
D,d-s120-r300,2026090603,15,a21af01d0d004e91,c05d49c77d1a731b,40618f206a822ed6
D,d-s120-r300,2026090603,16,bc0a322257a98a59,405a30ce02519bdc,4038105e64569664
D,d-s120-r300,2026090603,17,b148f74a5715188b,c05fe6a0a8a58bda,40206c0eaeb6d460
D,d-s120-r300,2026090603,18,37dd45ca9238c656,40609b8e7488880d,c04e17172bda332a
D,d-s120-r300,2026090603,19,bc4d2fc710980bfd,c0455b63b523879a,c04dc2abf251c27b
D,d-s120-r300,2026090603,20,0f9cb864d7551280,40625ee522702499,c033a7e8f9513cc1
D,d-s120-r300,2026090603,21,86cadd1626a697a6,c05429d78d58c508,4053596977ac2ee7
D,d-s120-r300,2026090603,22,a15a2356a9a9173a,4046c03dc4953be3,c0437269eb39d500
D,d-s120-r300,2026090603,23,2839be14b4e0e3c4,c04ba02615d368c0,4064c39f421b2d9e
D,d-s120-r300,2026090603,24,f52cf9f0d8cac2b6,4049ba2a7106d62d,40607e984f395049
D,d-s120-r300,2026090603,25,a6695ae7b04c1cad,404555b6090a49d4,404985950a2ecd88
D,d-s120-r300,2026090603,26,04d0e0d97aa5c152,403a7bce0d4f627c,405d60fe4d2f6681
D,d-s120-r300,2026090603,27,a1ab35780b9758c6,40503abe2318e6d1,40612f18f885df7d
D,d-s120-r300,2026090603,28,08fdf335ea8d1f69,40571139bb497092,404489e74d5cd4f9
D,d-s120-r300,2026090603,29,a5fa9f6bee2ea709,c0480e770d99203e,4059f789975f1817
D,d-s120-r300,2026090603,30,ade4083bb4b0aca1,40432e760fcc55eb,40525469b44a84cd
D,d-s120-r300,2026090603,31,e9b3f193d6fcdb4b,4060b534dcafdebe,c052d1b145973a47
D,d-s120-r300,2026090603,32,a513dec5ce8cea14,c063976461a802d5,40187c3633308fea
D,d-s120-r300,2026090603,33,4be62278f639f245,404aed204bc3c227,c02b19f96a5ee19b
D,d-s120-r300,2026090603,34,668f8628a0b9a79c,c0487c403f7b2bea,40564b63a3c94f1e
D,d-s120-r300,2026090603,35,a5b50e16c8ca80b4,40428639b16e6018,c04de324df3238d3
D,d-s120-r300,2026090603,36,45084b5735fee590,3fd4ef2939e9b583,c04d0207551d3a76
D,d-s120-r300,2026090603,37,39192faf6b93747a,404727ba54a5a7dc,c024db262fa58f5f
D,d-s120-r300,2026090603,38,82a3e6e4c0a78a2f,c0103a00c2359f0a,4063882775a94093
D,d-s120-r300,2026090603,39,6ef10a49ac368cf5,405a2a026a9cb2d9,c04b18597cf04626
D,d-s120-r300,2026090603,40,2f1fb739812afaba,404004fdcf4ef0d0,c05e14a01e67e364
D,d-s120-r300,2026090603,41,334963bfbcc8cfa1,405848060eaeb6ef,c05dcbaff9e68806
D,d-s120-r300,2026090603,42,f7a43eb2aaf35549,404c27d608194bf4,405e372f225cebf8
D,d-s120-r300,2026090603,43,36832d848aaf8cc8,c05a23a27784b6a6,c04fe2f9f8967626
D,d-s120-r300,2026090603,44,754daba8ae12cdbd,403c2670dc801eb2,c04a073f6a7bc000
D,d-s120-r300,2026090603,45,e2543d0bc1233cd4,c035c737979f16f8,40482f0e2b70f6b8
D,d-s120-r300,2026090603,46,9dee3590971c9461,c0306749f0cd5571,4055608727625f63
D,d-s120-r300,2026090603,47,cbcfc198b8717861,c0364b6f88bde9c2,40561e133a804bf7
D,d-s120-r300,2026090603,48,0273e87a809dec87,c0663bfa687fd61e,c025ed4ff562ed16
D,d-s120-r300,2026090603,49,45bbb83c085e501b,c05417dc92f0399b,c0481aceb0c887eb
D,d-s120-r300,2026090603,50,d66f1e1e1ea10333,c02e5923229851fc,40267c92f6afe185
D,d-s120-r300,2026090603,51,416e83858341c5c4,c039832d0fd7f571,c03ca8355a47faef
D,d-s120-r300,2026090603,52,e35f4e0598e09249,c055530c3fad5dbb,4049a516f83cd579
D,d-s120-r300,2026090603,53,d78aa0ea97479867,4062e39b310532de,c062737264573cf6
D,d-s120-r300,2026090603,54,d3f53a242adc973e,4022895acb90e741,c05af62877893afa
D,d-s120-r300,2026090603,55,540a55222ac7596d,401da6a95d96ce67,4054e1efda530e70
D,d-s120-r300,2026090603,56,b99b91311c0950e0,4038dbf0fd77635a,c0388d98b34085dd
D,d-s120-r300,2026090603,57,90b39d4bbb7d7361,c04ae61d8caff13d,c02cd2cac69f4b3d
D,d-s120-r300,2026090603,58,e0b0250d49eb8b01,c05851e9488ef1ac,40563f204f38dcea
D,d-s120-r300,2026090603,59,33e2f82dc0e94dda,3ffeca2d339c7369,4045b7e6daf15dc4
D,d-s120-r300,2026090603,60,01f98b4002847c01,404be52ede8eaf06,c05cf7ea9c0af1cf
D,d-s120-r300,2026090603,61,54419da9f979ebd8,c02755301307dc98,c056e9af24fedb90
D,d-s120-r300,2026090603,62,2e5332dc173409cb,c02a63cecaa061d4,c059bb2ab189898e
D,d-s120-r300,2026090603,63,4c1f374bc59f8b73,bfd924b551762787,c0623b95567959a6
D,d-s120-r300,2026090604,0,e9c9f1ae9b1d3510,4052071f64156e70,c061cb1f8042e2dc
D,d-s120-r300,2026090604,1,06c700b33e96950b,c040dfa35c830483,405c26a4035ad032
D,d-s120-r300,2026090604,2,a6293a46b787b50c,c052e80e6f0c2232,c060cf95c89e6d53
D,d-s120-r300,2026090604,3,0b66b60371c51423,4039b8fa39c93a2a,bfd64910298a1023
D,d-s120-r300,2026090604,4,7eb5ea2b983d6055,40502be8154ef292,4042ff2a5d355f87
D,d-s120-r300,2026090604,5,e661c87e792d70bc,4044cd60326d3247,bfd4e8fc3e23cc55
D,d-s120-r300,2026090604,6,677ad4a20841feb5,402dab94702a0837,404f883f27e9f005
D,d-s120-r300,2026090604,7,b0dfd5a34c3e7b77,c017327e82018fac,401c4067c8e14416
D,d-s120-r300,2026090604,8,58f998e8df21f475,c060c857bc8f5b25,40575bd2dcf0b5b8
D,d-s120-r300,2026090604,9,8e95c9cb43574ea6,c030c655cc977d0f,40568d932395d2bc
D,d-s120-r300,2026090604,10,e51911e7927e1ad7,40266aa137ed4b7d,40441af8e0effa9c
D,d-s120-r300,2026090604,11,57b6944031adb97f,c04aca404d3bb09b,4056b4155eaf72fc
D,d-s120-r300,2026090604,12,27c926ef5204213a,400ec7e0e1d5fc70,403a50dfd6bdbad4
D,d-s120-r300,2026090604,13,3b2866b5db8d1f5c,c028cce4da26b33f,c0338838570496d9
D,d-s120-r300,2026090604,14,780b0d6f1ab034c5,4043a489e86b8366,4045e33209467eca
D,d-s120-r300,2026090604,15,6dd433599fdd4fbf,c05afb72e2bc3579,c029d2a62519f5ad
D,d-s120-r300,2026090604,16,a50ed4f751779942,403e44003e4cb5ed,4052fbcee43f4406
D,d-s120-r300,2026090604,17,30a1605190a2b802,405b0fb290164332,c043da611ad873f6
D,d-s120-r300,2026090604,18,363b1cf4f94c264d,401134fbde71a728,3fe865a309be5032
D,d-s120-r300,2026090604,19,df551bd088813457,c0608b8717cecc19,404cb41f8fc06caf
D,d-s120-r300,2026090604,20,1dbfbb63942a1c55,400ccd5924d69ec4,40498adb51ba4df9
D,d-s120-r300,2026090604,21,57ae784d52a4dfae,404846835e39c84d,4037f52faa57481f
D,d-s120-r300,2026090604,22,5fb753763cac9d0b,c00167697f69c367,4061ddc1f56452d3
D,d-s120-r300,2026090604,23,85fdd48b1de536a5,c049591a5f239a06,c040e3e3686e689e
D,d-s120-r300,2026090604,24,bf9593ce0ef8ebaa,c031ad4207aa0276,4025743852ce82b6
D,d-s120-r300,2026090604,25,0fd081407c4cdc2b,c034103ee2bd7e5d,40640a5d598bb31b
D,d-s120-r300,2026090604,26,0c101c8d50de7373,40552ba4f7184fe6,c03987dda6ac79d8
D,d-s120-r300,2026090604,27,ee96d4b447a8f0ae,c0514574b3312ca7,4032508132030acd
D,d-s120-r300,2026090604,28,4eeb0efcee672f77,4034321ded1fb43e,c056861163e811f8
D,d-s120-r300,2026090604,29,5ce6f3d6c40464f2,403b650526e70f92,c044105d327d3c07
D,d-s120-r300,2026090604,30,fe7bcf0820130139,405c8e3e291a28af,c033821e56fd036b
D,d-s120-r300,2026090604,31,a614f1e5b7a6519f,c053fd0c6d0283a5,c05e56eeadf452d8
D,d-s120-r300,2026090604,32,fba025ed2a0c4e27,c05a2e6e2cb7f6fa,c024d1217bbe2099
D,d-s120-r300,2026090604,33,938dfe762dbcf0a5,c0503f557ca51487,c05acc8d35090851
D,d-s120-r300,2026090604,34,7ea95122b6609574,c053cf3bd4a394b8,404a459c4991d415
D,d-s120-r300,2026090604,35,ff5b9f87391a5bf2,4054002d0e854c27,c05b33486b1e9a34
D,d-s120-r300,2026090604,36,e05af1235e1c90b7,401dc20a87b6af7d,40349769f2acc9e3
D,d-s120-r300,2026090604,37,bf6b24e5e085c7cb,c04c47f73d1b68cc,40409fd31b712542
D,d-s120-r300,2026090604,38,2fd55792c83f15c8,40491ae73e6ef4e2,c03f4411b42c44bc
D,d-s120-r300,2026090604,39,0c9bd0e7023bf852,c016f9e39052c0fd,c05b6ef7e70b7763
D,d-s120-r300,2026090604,40,93f2c372e7e4d9d1,c04b57d6e9dba450,c04fd4b8f69b2aec
D,d-s120-r300,2026090604,41,00904eb65679e366,40601e5218f1e959,4046eda5e97fbb88
D,d-s120-r300,2026090604,42,8a24f119bab4e846,c0006bff6aecacd0,c03ee7afbb849822
D,d-s120-r300,2026090604,43,b9b2dc211ec21bc0,c049cb1dc7b3776b,c03ca5d4f259edfb
D,d-s120-r300,2026090604,44,beb12da00b0122a6,c0348a59eb30f839,c0510e336ecf7780
D,d-s120-r300,2026090604,45,13c50f206eb7b88a,c060067745a2ffe2,403de3e29cd0362e
D,d-s120-r300,2026090604,46,40af4c72c920d293,c00de4393d6ec535,404eb650102283e6
D,d-s120-r300,2026090604,47,3b3ee12cc5a208b6,4044bacd5d03ad15,c05eaee4ba5320ec
D,d-s120-r300,2026090604,48,116bd41f7ad44af7,c059a6447837ef0e,4058ccd857753284
D,d-s120-r300,2026090604,49,cfe965e0ee393cb4,c05c27bced3743f4,4047f3d36f5688c7
D,d-s120-r300,2026090604,50,d15220fa411fa1d4,c060ede254bed4a8,c012c0cffde19608
D,d-s120-r300,2026090604,51,5ec9963bf29cc85d,c04862fcf784f688,c0479ee7f2e54348
D,d-s120-r300,2026090604,52,620619e03e09c600,40642101196852ef,c015c242263f3955
D,d-s120-r300,2026090604,53,522d46bcc7c6d06d,c0317e4243cc1b0a,4039b17a830f3627
D,d-s120-r300,2026090604,54,f4b2afd9e0f887b2,40275132e9999346,c01983ac7a4d9e69
D,d-s120-r300,2026090604,55,46fb52a1d53ae277,c03215938b93d813,c04187486e80b6ea
D,d-s120-r300,2026090604,56,267baaa40311cdfd,c04150db4663b3e7,405d57ab41ba4c08
D,d-s120-r300,2026090604,57,22327379576949c7,40527ae7e0b0249f,c04e0d770239cd77
D,d-s120-r300,2026090604,58,b135a91d59e4f7e9,4043e8511afb5725,403d425ba54c5200
D,d-s120-r300,2026090604,59,60d5ff3ddcfda94b,404278382c5403bf,c03594934eb8ace2
D,d-s120-r300,2026090604,60,bc55ea8cf0ce56e0,c056d05a9c41e452,c04bee0fc1a88e51
D,d-s120-r300,2026090604,61,6083ce17b4f9c882,c002b8e05fd60d74,c0101d23bad89324
D,d-s120-r300,2026090604,62,9d4cdd76b48934cf,c04a6b97b207ae28,4056a2fb41142767
D,d-s120-r300,2026090604,63,69105b7deddc753f,4048fc3cdd23f592,4066c5c84c981975
D,d-s120-r300,2026090605,0,3646b0bd631db3de,404e323d131e2e8b,405056c8876e267a
D,d-s120-r300,2026090605,1,f7b566d98cbc5e54,c04b81690fcb4bbc,4058934c80202664
D,d-s120-r300,2026090605,2,d5ec7160ee6f569d,401056abfe631f8d,40488e9b210b1d6c
D,d-s120-r300,2026090605,3,2e3b061ee4705be6,40409c833b9338c8,403ad4ef6fc36741
D,d-s120-r300,2026090605,4,0861b66c4223ec66,404bb6ed5022636f,4053041ae480ae25
D,d-s120-r300,2026090605,5,eaee7f808d8d6ef1,405f0d83c9d87db0,c01700c8b035556e
D,d-s120-r300,2026090605,6,0d4f1ada9c92d1bd,c061dde7b807bf2d,c04bad092c2c5bc6
D,d-s120-r300,2026090605,7,51a365dd4a69e3fb,40552a8398c0c899,402a27785a73cbbe
D,d-s120-r300,2026090605,8,fc6332016612627c,c0336cf11adba2de,c0613e7f6529ab83
D,d-s120-r300,2026090605,9,3065d0155081f951,c02e6d451b3020d7,c03bf62c20fab656
D,d-s120-r300,2026090605,10,31398d561a7d74a2,3ff34c3ab3b4451a,c039c58840d5c13a
D,d-s120-r300,2026090605,11,bb1f79945df0b377,c04de1f92a127d70,403b809bea913474
D,d-s120-r300,2026090605,12,f2aac524e456a163,c0513155a9342ea4,c032ac2677af44c3
D,d-s120-r300,2026090605,13,e19fca2b275b00ba,405044654124258e,4043d7cbd82cf82b
D,d-s120-r300,2026090605,14,6a5c45990e70ac0a,405483c74fad463d,4068da2ac22ea545
D,d-s120-r300,2026090605,15,791a7e0c50ba4f49,c022c4b7ce925bc8,40629371ff04b280
D,d-s120-r300,2026090605,16,85b82347a47658f9,c040b8ba18286f11,40628a23037d5a66
D,d-s120-r300,2026090605,17,ccf49fcb9f5ef33f,4056b5b93acd4c64,c0579bb2e1e7dd5f
D,d-s120-r300,2026090605,18,207e4564776f1dd0,c0618873220e1be3,c055b06969f73020
D,d-s120-r300,2026090605,19,4d32b3289338b722,c04230f95a8bb67e,c03e341ba1363c13
D,d-s120-r300,2026090605,20,804afa79aaa8461f,404006a1b41bee5b,c05004663b903857
D,d-s120-r300,2026090605,21,57e58204d2d77368,c05bec54dbe27bff,c057b49c942564a7
D,d-s120-r300,2026090605,22,bbd75b486b3088bd,4056bcb0907a705b,403ea09bf825078e
D,d-s120-r300,2026090605,23,7d4630aa48fb3787,c0614e15de3e9aaf,405009e3ca367dc3
D,d-s120-r300,2026090605,24,45d013186d120523,40500acefd70a750,404ec997a753c37c
D,d-s120-r300,2026090605,25,def1f81a96f8ef69,404bdd928612cc5c,c04d63a89b105613
D,d-s120-r300,2026090605,26,e1ed771acb84fb4f,c05589dc11bfa53c,c0406acaff3cb581
D,d-s120-r300,2026090605,27,bae3f9fa75f78f2c,c055d9ba65e04bec,c0306181dca9aad5
D,d-s120-r300,2026090605,28,c037ad57246e9026,40606d9bf53511a8,405468ae97781fa8
D,d-s120-r300,2026090605,29,b4e0b66bc81aa708,c0558d33860ecf3f,c062cca005d242e1
D,d-s120-r300,2026090605,30,a0b2b91a63cdbf2c,c039549e30e79b5c,40498170dd1f37f9
D,d-s120-r300,2026090605,31,de87e2d9e2852cb5,c05fd6ed6c70de18,c0530b4381eaa8b8
D,d-s120-r300,2026090605,32,446e56fdf4cb17de,c05a629084b34093,4056ffb2c81e78a0
D,d-s120-r300,2026090605,33,df7b9c963c7d8d81,c051ceefe56890c5,c06381caab310c17
D,d-s120-r300,2026090605,34,31b36548113dae0c,4065db77c209114e,4043d6e544fec399
D,d-s120-r300,2026090605,35,0a4b7f3bb0438cd2,406c1f882b5fcf01,403e8bb465d09cdd
D,d-s120-r300,2026090605,36,d1e4fdb64757b698,4050fb2a51b9d8f5,c03130fe5f7ecf0e
D,d-s120-r300,2026090605,37,75303f63c513ae9c,403d4e31f9529e11,403357605712d50c
D,d-s120-r300,2026090605,38,d0639f9b2a1a64f9,403f3a4e6dc7137a,404e3e8a37334f11
D,d-s120-r300,2026090605,39,52bd24c1279caf4f,c04e18963c8b2f87,404badfe72e3bcaf
D,d-s120-r300,2026090605,40,bf6eaa7c733db47a,4059f64f4a4534b4,c03cbd8837f34e9d
D,d-s120-r300,2026090605,41,4f31d8e1c976e25c,c047f5233872ada7,c0480e3bd076bd5f
D,d-s120-r300,2026090605,42,8a3cbbef10c8cca2,c0678343add514d8,404427547a1c16cb
D,d-s120-r300,2026090605,43,78bcc172cd6a98de,40657b5cc2868c09,c05164873004772c
D,d-s120-r300,2026090605,44,8e45d6e268cdc151,c0371430c299325c,4036d93977a39562
D,d-s120-r300,2026090605,45,0ac9e7d09c3471af,4060a1ccf83d28d7,4042c7606a412d6a
D,d-s120-r300,2026090605,46,6d3a9b79cb423e76,c019fd20fbf7e680,c05d784fb89576e7
D,d-s120-r300,2026090605,47,7daf642494cc988f,c046315ba0964276,403bd91a04f390d2
D,d-s120-r300,2026090605,48,5575cf0e7877b753,4036f4f6236e8ec6,404b1c3641d1f66e
D,d-s120-r300,2026090605,49,fb97619392cb3a04,404ca2c011ac5343,c0434ff71f8c57d5
D,d-s120-r300,2026090605,50,2a90f1b71fa190ed,c02b8c0c2be84ef3,c032faf5a9ad3e4c
D,d-s120-r300,2026090605,51,e4883b85407796c9,c03f33e7d70679c0,405b39d72a4350ec
D,d-s120-r300,2026090605,52,c926bf0d4ec98ca5,40481443c44aa245,c05ba6c64cf07c7a
D,d-s120-r300,2026090605,53,ae81102a89285c27,c02376e0b96e2988,4042f240b4e75f59
D,d-s120-r300,2026090605,54,9414636ed04ae441,404575a884aeb810,c02d3558bd309ca7
D,d-s120-r300,2026090605,55,d1532879e6e6ea24,c058939977b18949,c0407e8ea499aae0
D,d-s120-r300,2026090605,56,7c79ac5a2816d5ba,402220167801eace,c0617a9a048909a5
D,d-s120-r300,2026090605,57,63db2852f4e74230,c01f27eb138a86d8,4055c3615bc53223
D,d-s120-r300,2026090605,58,5d18cb1a03985edd,405582c2d15fbd3e,c02d3b3b44e3072c
D,d-s120-r300,2026090605,59,cf813fdc14e9185d,4047e553ab709308,c04b41bc274d3c58
D,d-s120-r300,2026090605,60,a471ddd6e2e58aa5,c024825658892854,c0436cd023b282cd
D,d-s120-r300,2026090605,61,30f77cd040b9a1ef,403f9118152c76a4,3fe3cedb4f5903ca
D,d-s120-r300,2026090605,62,bbf118801bcfde3f,40611a4222c216b5,4039b3017942bb57
D,d-s120-r300,2026090605,63,1b9900b181bcce26,c034f863c12c7c86,c049c38b3fa38785
